,dep_id,site_name,latitude,longitude,commodities,Gold,Silver,Lead,Copper,Mercury,Tungsten,Sulfur-Pyrite,Zinc,Iron,Sulfur,Barium-Barite,Antimony,Tellurium,Fluorine-Fluorite,Uranium,Tin,Tantalum,Lithium,Niobium,Manganese,Silica,Phosphorous-Phosphates,Limestone,Stone,Gypsum-Anhydrite,Sand/Gravel,Vanadium,Sodium,Molybdenum,Feldspar,Calcium,Talc-Soapstone
1,10055460,Alpine - Strawberry Mining Co.,44.41218,-103.69335,"Gold, ,  Mercury, , , , , , , , ",1,0,0,0,1,0,0,0,0,0,0,0,0,0,0,0,0,0,0,0,0,0,0,0,0,0,0,0,0,0,0,0
2,10009413,Double Rainbow Or Richmond - Sitting Bull,44.33329,-103.62557,"Zinc,  Gold,  Lead,  Silver,  ,  , , , , , ",1,1,1,0,0,0,0,1,0,0,0,0,0,0,0,0,0,0,0,0,0,0,0,0,0,0,0,0,0,0,0,0
3,10055459,Silver Queen Mine,44.31635,-103.64196,"Silver,  Lead,  Gold,  , , , , , , , ",1,1,1,0,0,0,0,0,0,0,0,0,0,0,0,0,0,0,0,0,0,0,0,0,0,0,0,0,0,0,0,0
4,10055464,Wasp No. 2 Mine,44.32413,-103.73918,"Gold,  Silver,  Tungsten,  ,  , , , , , , ",1,1,0,0,0,1,0,0,0,0,0,0,0,0,0,0,0,0,0,0,0,0,0,0,0,0,0,0,0,0,0,0
5,10055465,Belle Eldridge Gold Mines,44.36968,-103.70474,"Gold,  Silver,  Lead,  Zinc,  Copper,  , , , , , ",1,1,1,1,0,0,0,1,0,0,0,0,0,0,0,0,0,0,0,0,0,0,0,0,0,0,0,0,0,0,0,0
6,10055484,"Bion Fraction, Lehigh Claim",44.31829,-103.64724,"Gold,  Silver,  Sulfur-Pyrite,  ,  , , , , , , ",1,1,0,0,0,0,1,0,0,0,0,0,0,0,0,0,0,0,0,0,0,0,0,0,0,0,0,0,0,0,0,0
7,10055486,Anaconda Mine,44.27413,-103.67168,"Gold,  ,  Lead,  Zinc,  Copper, , , , , , ",1,0,1,1,0,0,0,1,0,0,0,0,0,0,0,0,0,0,0,0,0,0,0,0,0,0,0,0,0,0,0,0
8,10055487,Anchor Mountain Mine,44.3369,-103.63613,"Gold,  ,  , , , , , , , , ",1,0,0,0,0,0,0,0,0,0,0,0,0,0,0,0,0,0,0,0,0,0,0,0,0,0,0,0,0,0,0,0
9,10055488,Anaconda Mining Company,44.27774,-103.71446,"Gold,  Silver,  ,  , , , , , , , ",1,1,0,0,0,0,0,0,0,0,0,0,0,0,0,0,0,0,0,0,0,0,0,0,0,0,0,0,0,0,0,0
10,10055492,Bion Mine,44.3194,-103.65224,"Gold,  Silver,  Sulfur-Pyrite,  ,  , , , , , , ",1,1,0,0,0,0,1,0,0,0,0,0,0,0,0,0,0,0,0,0,0,0,0,0,0,0,0,0,0,0,0,0
11,10055511,Monarch Mine,44.34385,-103.69724,"Gold,  Silver,  , , , , , , , , ",1,1,0,0,0,0,0,0,0,0,0,0,0,0,0,0,0,0,0,0,0,0,0,0,0,0,0,0,0,0,0,0
12,10055512,Montezuma and the Whizzers Mine,44.37052,-103.74335,"Sulfur-Pyrite,  Gold,  Copper,  , , , , , , , ",1,0,0,1,0,0,1,0,0,0,0,0,0,0,0,0,0,0,0,0,0,0,0,0,0,0,0,0,0,0,0,0
13,10055516,Horseshoe - Comet Mine,44.32802,-103.63807,"Silver,  Sulfur-Pyrite,  Lead,  Gold,  Zinc,  Copper, , , , , ",1,1,1,1,0,0,1,1,0,0,0,0,0,0,0,0,0,0,0,0,0,0,0,0,0,0,0,0,0,0,0,0
14,10055517,Merritt No. 1 Mine,44.33135,-103.63946,"Gold,  Lead,  Silver,  , , , , , , , ",1,1,1,0,0,0,0,0,0,0,0,0,0,0,0,0,0,0,0,0,0,0,0,0,0,0,0,0,0,0,0,0
15,10055525,Queen of the Hills Mine,44.35829,-103.72557,"Gold,  Silver,  ,  , , , , , , , ",1,1,0,0,0,0,0,0,0,0,0,0,0,0,0,0,0,0,0,0,0,0,0,0,0,0,0,0,0,0,0,0
16,10055538,Hoodoo - Union Hill Mine,44.33163,-103.67557,"Silver,  Gold,  ,  , , , , , , , ",1,1,0,0,0,0,0,0,0,0,0,0,0,0,0,0,0,0,0,0,0,0,0,0,0,0,0,0,0,0,0,0
17,10055544,Hayes Mine,44.31774,-103.64668,"Gold,  Lead,  Silver,  , , , , , , , ",1,1,1,0,0,0,0,0,0,0,0,0,0,0,0,0,0,0,0,0,0,0,0,0,0,0,0,0,0,0,0,0
18,10055552,Oro Hondo Mine,44.33718,-103.74418,"Gold,  Silver,  ,  , , , , , , , ",1,1,0,0,0,0,0,0,0,0,0,0,0,0,0,0,0,0,0,0,0,0,0,0,0,0,0,0,0,0,0,0
19,10055570,Golden Crest Mine,44.33135,-103.64918,"Gold,  Silver,  ,  , , , , , , , ",1,1,0,0,0,0,0,0,0,0,0,0,0,0,0,0,0,0,0,0,0,0,0,0,0,0,0,0,0,0,0,0
20,10055571,Gold Mountain Mining Company,44.36579,-103.66946,"Gold,  Silver,  , , , , , , , , ",1,1,0,0,0,0,0,0,0,0,0,0,0,0,0,0,0,0,0,0,0,0,0,0,0,0,0,0,0,0,0,0
21,10055572,Olaf Seim Mine,44.36857,-103.74363,"Sulfur-Pyrite,  Gold,  Copper, , , , , , , , ",1,0,0,1,0,0,1,0,0,0,0,0,0,0,0,0,0,0,0,0,0,0,0,0,0,0,0,0,0,0,0,0
22,10104202,Rattlesnake Jack Mine,44.32885,-103.67168,"Gold,  ,  , , , , , , , , ",1,0,0,0,0,0,0,0,0,0,0,0,0,0,0,0,0,0,0,0,0,0,0,0,0,0,0,0,0,0,0,0
23,10104211,Deadwood-Heidelberg Mine,44.37302,-103.65946,"Gold,  ,  , , , , , , , , ",1,0,0,0,0,0,0,0,0,0,0,0,0,0,0,0,0,0,0,0,0,0,0,0,0,0,0,0,0,0,0,0
24,10104218,Susa Fractional Claim,44.35913,-103.72835,"Gold,  Silver,  ,  , , , , , , , ",1,1,0,0,0,0,0,0,0,0,0,0,0,0,0,0,0,0,0,0,0,0,0,0,0,0,0,0,0,0,0,0
25,10104228,Oro Fino Mine,44.34329,-103.67279,"Gold,  Lead,  Sulfur-Pyrite,  Zinc, , , , , , , ",1,0,1,0,0,0,1,1,0,0,0,0,0,0,0,0,0,0,0,0,0,0,0,0,0,0,0,0,0,0,0,0
26,10104230,Moulton Mine,44.35607,-103.69307,"Gold,  Sulfur-Pyrite,  Iron,  , , , , , , , ",1,0,0,0,0,0,1,0,1,0,0,0,0,0,0,0,0,0,0,0,0,0,0,0,0,0,0,0,0,0,0,0
27,10129215,Lexington Hill,44.36686,-103.71117,"Gold,  ,  Silver, , , , , , , , ",1,1,0,0,0,0,0,0,0,0,0,0,0,0,0,0,0,0,0,0,0,0,0,0,0,0,0,0,0,0,0,0
28,10129343,Robin Mines,44.33806,-103.65557,"Gold,  ,  Silver, , , , , , , , ",1,1,0,0,0,0,0,0,0,0,0,0,0,0,0,0,0,0,0,0,0,0,0,0,0,0,0,0,0,0,0,0
29,10129683,Anaconda,44.27716,-103.71057,"Gold,  ,  Silver, , , , , , , , ",1,1,0,0,0,0,0,0,0,0,0,0,0,0,0,0,0,0,0,0,0,0,0,0,0,0,0,0,0,0,0,0
30,10134553,Langley Tunnel,44.32806,-103.67337,"Gold,  ,  Silver, , , , , , , , ",1,1,0,0,0,0,0,0,0,0,0,0,0,0,0,0,0,0,0,0,0,0,0,0,0,0,0,0,0,0,0,0
31,10153090,Uncle Sam,44.27356,-103.66917,"Gold,  ,  , , , , , , , , ",1,0,0,0,0,0,0,0,0,0,0,0,0,0,0,0,0,0,0,0,0,0,0,0,0,0,0,0,0,0,0,0
32,10153221,Hester A,44.32246,-103.64867,",  ,  Silver,  Lead,  Gold, , , , , , ",1,1,1,0,0,0,0,0,0,0,0,0,0,0,0,0,0,0,0,0,0,0,0,0,0,0,0,0,0,0,0,0
33,10153241,Rattlesnake Jack,44.32776,-103.67277,"Gold,  ,  , , , , , , , , ",1,0,0,0,0,0,0,0,0,0,0,0,0,0,0,0,0,0,0,0,0,0,0,0,0,0,0,0,0,0,0,0
34,10153309,Olaf Seim,44.37186,-103.74367,"Gold,  ,  Sulfur, , , , , , , , ",1,0,0,0,0,0,0,0,0,0,0,0,0,0,0,0,0,0,0,0,0,0,0,0,0,0,0,0,0,0,0,0
35,10153382,Montezuma and the Whizzers M.S.1324,44.37056,-103.74387,"Gold,  ,  Sulfur, , , , , , , , ",1,0,0,0,0,0,0,0,0,1,0,0,0,0,0,0,0,0,0,0,0,0,0,0,0,0,0,0,0,0,0,0
36,10153418,New Year's,44.31806,-103.64057,"Silver,  ,  Gold, , , , , , , , ",1,1,0,0,0,0,0,0,0,0,0,0,0,0,0,0,0,0,0,0,0,0,0,0,0,0,0,0,0,0,0,0
37,10153421,Monarch  M.S.908,44.33606,-103.70417,"Gold,  ,  Silver, , , , , , , , ",1,1,0,0,0,0,0,0,0,0,0,0,0,0,0,0,0,0,0,0,0,0,0,0,0,0,0,0,0,0,0,0
38,10153733,Commonwealth Mine,44.33136,-103.69117,"Gold,  ,  , , , , , , , , ",1,0,0,0,0,0,0,0,0,0,0,0,0,0,0,0,0,0,0,0,0,0,0,0,0,0,0,0,0,0,0,0
39,10177402,El Refugio,44.33806,-103.63887,",  ,  Silver,  Lead,  Gold, , , , , , ",1,1,1,0,0,0,0,0,0,0,0,0,0,0,0,0,0,0,0,0,0,0,0,0,0,0,0,0,0,0,0,0
40,10177650,Hayes,44.31966,-103.64497,",  ,  Silver,  Lead,  Gold, , , , , , ",1,1,1,0,0,0,0,0,0,0,0,0,0,0,0,0,0,0,0,0,0,0,0,0,0,0,0,0,0,0,0,0
41,10178171,Last Chance Mine,44.33386,-103.66447,"Gold,  ,  , , , , , , , , ",1,0,0,0,0,0,0,0,0,0,0,0,0,0,0,0,0,0,0,0,0,0,0,0,0,0,0,0,0,0,0,0
42,10202041,Golden Crest Mine,44.33136,-103.69117,"Gold,  ,  Silver, , , , , , , , ",1,1,0,0,0,0,0,0,0,0,0,0,0,0,0,0,0,0,0,0,0,0,0,0,0,0,0,0,0,0,0,0
43,10202219,Gold Mountain Mining Company,44.36936,-103.66727,"Gold,  ,  Silver, , , , , , , , ",1,1,0,0,0,0,0,0,0,0,0,0,0,0,0,0,0,0,0,0,0,0,0,0,0,0,0,0,0,0,0,0
44,10202480,Hardin Properties,44.35556,-103.69447,"Gold,  ,  Iron,  Sulfur, , , , , , , ",1,0,0,0,0,0,0,0,1,1,0,0,0,0,0,0,0,0,0,0,0,0,0,0,0,0,0,0,0,0,0,0
45,10202588,Union Hill Shaft,44.33326,-103.66917,"Gold,  ,  Silver, , , , , , , , ",1,1,0,0,0,0,0,0,0,0,0,0,0,0,0,0,0,0,0,0,0,0,0,0,0,0,0,0,0,0,0,0
46,10202642,Barton,44.33386,-103.62697,"Gold,  ,  Silver,  Lead, , , , , , , ",1,1,1,0,0,0,0,0,0,0,0,0,0,0,0,0,0,0,0,0,0,0,0,0,0,0,0,0,0,0,0,0
47,10226079,Bion Mine,44.31966,-103.65227,"Gold,  ,  Silver,  Sulfur, , , , , , , ",1,1,0,0,0,0,0,0,0,1,0,0,0,0,0,0,0,0,0,0,0,0,0,0,0,0,0,0,0,0,0,0
48,10226159,Gilt Edge Mine,44.33106,-103.67337,"Gold,  Silver,  , , , , , , , , ",1,1,0,0,0,0,0,0,0,0,0,0,0,0,0,0,0,0,0,0,0,0,0,0,0,0,0,0,0,0,0,0
49,10226161,Mascot Mining Co. Mine,44.37306,-103.66277,"Gold,  ,  , , , , , , , , ",1,0,0,0,0,0,0,0,0,0,0,0,0,0,0,0,0,0,0,0,0,0,0,0,0,0,0,0,0,0,0,0
50,10250576,Harrison,44.30136,-103.64337,"Gold,  ,  Silver, , , , , , , , ",1,1,0,0,0,0,0,0,0,0,0,0,0,0,0,0,0,0,0,0,0,0,0,0,0,0,0,0,0,0,0,0
51,10250700,Oro Hondo,44.33556,-103.74367,"Gold,  ,  Silver, , , , , , , , ",1,1,0,0,0,0,0,0,0,0,0,0,0,0,0,0,0,0,0,0,0,0,0,0,0,0,0,0,0,0,0,0
52,10250877,Cora,44.32776,-103.64087,",  ,  Silver,  Lead,  Gold, , , , , , ",1,1,1,0,0,0,0,0,0,0,0,0,0,0,0,0,0,0,0,0,0,0,0,0,0,0,0,0,0,0,0,0
53,10274740,Oro Fino,44.30636,-103.67417,"Gold,  ,  , , , , , , , , ",1,0,0,0,0,0,0,0,0,0,0,0,0,0,0,0,0,0,0,0,0,0,0,0,0,0,0,0,0,0,0,0
54,10274763,Frerichs Mining Company,44.36056,-103.73247,"Gold,  ,  Silver, , , , , , , , ",1,1,0,0,0,0,0,0,0,0,0,0,0,0,0,0,0,0,0,0,0,0,0,0,0,0,0,0,0,0,0,0
55,10274808,Queen of the Hills,44.35556,-103.72557,"Gold,  ,  Silver, , , , , , , , ",1,1,0,0,0,0,0,0,0,0,0,0,0,0,0,0,0,0,0,0,0,0,0,0,0,0,0,0,0,0,0,0
56,10274841,Best Placer,44.36166,-103.73447,"Gold,  ,  , , , , , , , , ",1,0,0,0,0,0,0,0,0,0,0,0,0,0,0,0,0,0,0,0,0,0,0,0,0,0,0,0,0,0,0,0
57,10275052,Ruby Ridge Prospect,44.33606,-103.68727,"Gold,  ,  , , , , , , , , ",1,0,0,0,0,0,0,0,0,0,0,0,0,0,0,0,0,0,0,0,0,0,0,0,0,0,0,0,0,0,0,0
58,10275197,Cloverleaf,44.27356,-103.66887,"Gold,  ,  , , , , , , , , ",1,0,0,0,0,0,0,0,0,0,0,0,0,0,0,0,0,0,0,0,0,0,0,0,0,0,0,0,0,0,0,0
59,10275393,King Tunnel,44.32826,-103.67387,"Gold,  ,  Silver, , , , , , , , ",1,1,0,0,0,0,0,0,0,0,0,0,0,0,0,0,0,0,0,0,0,0,0,0,0,0,0,0,0,0,0,0
60,10298966,Hoodoo Shaft,44.32936,-103.66747,"Gold,  ,  Silver, , , , , , , , ",1,1,0,0,0,0,0,0,0,0,0,0,0,0,0,0,0,0,0,0,0,0,0,0,0,0,0,0,0,0,0,0
61,10298974,Anchor Mountain,44.33636,-103.67477,"Gold,  ,  , , , , , , , , ",1,0,0,0,0,0,0,0,0,0,0,0,0,0,0,0,0,0,0,0,0,0,0,0,0,0,0,0,0,0,0,0
62,10299313,Crown Point Mine,44.32606,-103.67087,"Gold,  ,  , , , , , , , , ",1,0,0,0,0,0,0,0,0,0,0,0,0,0,0,0,0,0,0,0,0,0,0,0,0,0,0,0,0,0,0,0
63,10299657,Eureka Shaft,44.33326,-103.67417,"Gold,  ,  Silver, , , , , , , , ",1,1,0,0,0,0,0,0,0,0,0,0,0,0,0,0,0,0,0,0,0,0,0,0,0,0,0,0,0,0,0,0
64,10304579,Sunday Pit,44.33056,-103.66997,"Gold,  ,  Silver, , , , , , , , ",1,1,0,0,0,0,0,0,0,0,0,0,0,0,0,0,0,0,0,0,0,0,0,0,0,0,0,0,0,0,0,0
65,60000051,Lead District,44.33326,-103.70057,"Gold,  Tungsten,  Barium-Barite,  Antimony, , , , , , , ",1,0,0,0,0,1,0,0,0,0,1,1,0,0,0,0,0,0,0,0,0,0,0,0,0,0,0,0,0,0,0,0
66,60001242,Lexington Hill Gold Mining Company,44.35886,-103.70977,"Silver,  Gold,  ,  , , , , , , , ",1,1,0,0,0,0,0,0,0,0,0,0,0,0,0,0,0,0,0,0,0,0,0,0,0,0,0,0,0,0,0,0
67,10055430,Homestake Mine - 1945,44.36265,-103.79454,"Gold,  Silver,  , , , , , , , , ",1,1,0,0,0,0,0,0,0,0,0,0,0,0,0,0,0,0,0,0,0,0,0,0,0,0,0,0,0,0,0,0
68,10055431,Homestake Mine - 1946,44.36265,-103.79454,"Gold,  Silver,  , , , , , , , , ",1,1,0,0,0,0,0,0,0,0,0,0,0,0,0,0,0,0,0,0,0,0,0,0,0,0,0,0,0,0,0,0
69,10055432,Homestake Mine - 1947,44.36265,-103.79454,"Gold,  Silver,  , , , , , , , , ",1,1,0,0,0,0,0,0,0,0,0,0,0,0,0,0,0,0,0,0,0,0,0,0,0,0,0,0,0,0,0,0
70,10055433,Homestake Mine - 1949,44.36265,-103.79454,"Gold,  Silver,  , , , , , , , , ",1,1,0,0,0,0,0,0,0,0,0,0,0,0,0,0,0,0,0,0,0,0,0,0,0,0,0,0,0,0,0,0
71,10055434,Homestake Mine - 1952,44.36265,-103.79454,"Gold,  Silver,  , , , , , , , , ",1,1,0,0,0,0,0,0,0,0,0,0,0,0,0,0,0,0,0,0,0,0,0,0,0,0,0,0,0,0,0,0
72,10055435,Homestake Mine - 1954,44.36265,-103.79454,"Gold,  Silver,  , , , , , , , , ",1,1,0,0,0,0,0,0,0,0,0,0,0,0,0,0,0,0,0,0,0,0,0,0,0,0,0,0,0,0,0,0
73,10055436,Homestake Mine - 1955,44.36265,-103.79454,"Gold,  Silver,  , , , , , , , , ",1,1,0,0,0,0,0,0,0,0,0,0,0,0,0,0,0,0,0,0,0,0,0,0,0,0,0,0,0,0,0,0
74,10055437,Homestake Mine - 1957,44.36265,-103.79454,"Gold,  Silver,  , , , , , , , , ",1,1,0,0,0,0,0,0,0,0,0,0,0,0,0,0,0,0,0,0,0,0,0,0,0,0,0,0,0,0,0,0
75,10055438,Homestake Mine - 1959,44.36265,-103.79454,"Gold,  Silver,  , , , , , , , , ",1,1,0,0,0,0,0,0,0,0,0,0,0,0,0,0,0,0,0,0,0,0,0,0,0,0,0,0,0,0,0,0
76,10055439,Homestake Mine - 1961,44.36265,-103.79454,"Gold,  Silver,  , , , , , , , , ",1,1,0,0,0,0,0,0,0,0,0,0,0,0,0,0,0,0,0,0,0,0,0,0,0,0,0,0,0,0,0,0
77,10055440,Homestake Mine - 1963,44.36265,-103.79454,"Gold,  Silver,  , , , , , , , , ",1,1,0,0,0,0,0,0,0,0,0,0,0,0,0,0,0,0,0,0,0,0,0,0,0,0,0,0,0,0,0,0
78,10055441,Homestake Mine - 1964,44.36265,-103.79454,"Gold,  Silver,  , , , , , , , , ",1,1,0,0,0,0,0,0,0,0,0,0,0,0,0,0,0,0,0,0,0,0,0,0,0,0,0,0,0,0,0,0
79,10055442,Homestake Mine - 1966,44.36265,-103.79454,"Gold,  Silver,  , , , , , , , , ",1,1,0,0,0,0,0,0,0,0,0,0,0,0,0,0,0,0,0,0,0,0,0,0,0,0,0,0,0,0,0,0
80,10055443,Homestake Mine - 1968,44.36265,-103.79454,"Gold,  Silver,  , , , , , , , , ",1,1,0,0,0,0,0,0,0,0,0,0,0,0,0,0,0,0,0,0,0,0,0,0,0,0,0,0,0,0,0,0
81,10055444,Homestake Mine - 1970,44.36265,-103.79454,"Gold,  Silver,  , , , , , , , , ",1,1,0,0,0,0,0,0,0,0,0,0,0,0,0,0,0,0,0,0,0,0,0,0,0,0,0,0,0,0,0,0
82,10055445,Homestake Mine - 1972,44.36265,-103.79454,"Gold,  Silver,  , , , , , , , , ",1,1,0,0,0,0,0,0,0,0,0,0,0,0,0,0,0,0,0,0,0,0,0,0,0,0,0,0,0,0,0,0
83,10055446,Homestake Mine - 1973,44.36265,-103.79454,"Gold,  Silver,  , , , , , , , , ",1,1,0,0,0,0,0,0,0,0,0,0,0,0,0,0,0,0,0,0,0,0,0,0,0,0,0,0,0,0,0,0
84,10055447,Homestake Mine - 1975,44.36265,-103.79454,"Gold,  Silver,  , , , , , , , , ",1,1,0,0,0,0,0,0,0,0,0,0,0,0,0,0,0,0,0,0,0,0,0,0,0,0,0,0,0,0,0,0
85,10055448,Homestake Mine - 1977,44.36265,-103.79454,"Gold,  Silver,  , , , , , , , , ",1,1,0,0,0,0,0,0,0,0,0,0,0,0,0,0,0,0,0,0,0,0,0,0,0,0,0,0,0,0,0,0
86,10055449,Bald Mountain Mining Company,44.3544,-103.8353,"Gold,  Silver,  , , , , , , , , ",1,1,0,0,0,0,0,0,0,0,0,0,0,0,0,0,0,0,0,0,0,0,0,0,0,0,0,0,0,0,0,0
87,10055450,Dividend Decorah Mine,44.36413,-103.83725,"Gold,  Silver,  ,  , , , , , , , ",1,1,0,0,0,0,0,0,0,0,0,0,0,0,0,0,0,0,0,0,0,0,0,0,0,0,0,0,0,0,0,0
88,10055451,Clinton Mine,44.34052,-103.84058,"Gold,  Silver,  ,  , , , , , , , ",1,1,0,0,0,0,0,0,0,0,0,0,0,0,0,0,0,0,0,0,0,0,0,0,0,0,0,0,0,0,0,0
89,10055452,Folger Mine,44.34024,-103.8353,"Gold,  Silver,  , , , , , , , , ",1,1,0,0,0,0,0,0,0,0,0,0,0,0,0,0,0,0,0,0,0,0,0,0,0,0,0,0,0,0,0,0
90,10055453,Portland Mine,44.34413,-103.84447,"Gold,  Silver,  , , , , , , , , ",1,1,0,0,0,0,0,0,0,0,0,0,0,0,0,0,0,0,0,0,0,0,0,0,0,0,0,0,0,0,0,0
91,10055454,Dakota Group,44.34385,-103.84614,"Gold,  Silver,  , , , , , , , , ",1,1,0,0,0,0,0,0,0,0,0,0,0,0,0,0,0,0,0,0,0,0,0,0,0,0,0,0,0,0,0,0
92,10055457,Mogul Mine,44.32607,-103.8153,"Silver,  Gold,  ,  , , , , , , , ",1,1,0,0,0,0,0,0,0,0,0,0,0,0,0,0,0,0,0,0,0,0,0,0,0,0,0,0,0,0,0,0
93,10055461,Golden Reward Mine,44.33107,-103.80225,"Gold,  Silver,  Tellurium,  , , , , , , , ",1,1,0,0,0,0,0,0,0,0,0,0,1,0,0,0,0,0,0,0,0,0,0,0,0,0,0,0,0,0,0,0
94,10055463,American Eagle Mine,44.35496,-103.83475,"Gold,  Silver,  ,  , , , , , , , ",1,1,0,0,0,0,0,0,0,0,0,0,0,0,0,0,0,0,0,0,0,0,0,0,0,0,0,0,0,0,0,0
95,10055466,Apex Mine,44.34218,-103.83697,"Gold,  Silver,  ,  , , , , , , , ",1,1,0,0,0,0,0,0,0,0,0,0,0,0,0,0,0,0,0,0,0,0,0,0,0,0,0,0,0,0,0,0
96,10055473,Reliance Mine,44.33746,-103.86419,"Gold,  Silver,  ,  , , , , , , , ",1,1,0,0,0,0,0,0,0,0,0,0,0,0,0,0,0,0,0,0,0,0,0,0,0,0,0,0,0,0,0,0
97,10055474,Ben Hur Mine,44.33746,-103.82697,"Silver,  Gold,  ,  , , , , , , , ",1,1,0,0,0,0,0,0,0,0,0,0,0,0,0,0,0,0,0,0,0,0,0,0,0,0,0,0,0,0,0,0
98,10055476,Alameda Mine,44.3419,-103.83252,"Gold,  Silver,  ,  , , , , , , , ",1,1,0,0,0,0,0,0,0,0,0,0,0,0,0,0,0,0,0,0,0,0,0,0,0,0,0,0,0,0,0,0
99,10055477,Alpha-Platus Mine,44.3369,-103.81614,"Silver,  Gold,  ,  , , , , , , , ",1,1,0,0,0,0,0,0,0,0,0,0,0,0,0,0,0,0,0,0,0,0,0,0,0,0,0,0,0,0,0,0
100,10055478,Alder Creek Gold Mining Company,44.32552,-103.76001,"Gold,  Silver,  Tungsten,  ,  , , , , , , ",1,1,0,0,0,1,0,0,0,0,0,0,0,0,0,0,0,0,0,0,0,0,0,0,0,0,0,0,0,0,0,0
101,10055479,Esmeralda Mine,44.37302,-103.77058,"Gold,  Silver,  ,  , , , , , , , ",1,1,0,0,0,0,0,0,0,0,0,0,0,0,0,0,0,0,0,0,0,0,0,0,0,0,0,0,0,0,0,0
102,10055493,"Clinton Mine Lundberg, Dorr, and Willson",44.33885,-103.81002,"Gold,  Silver,  ,  , , , , , , , ",1,1,0,0,0,0,0,0,0,0,0,0,0,0,0,0,0,0,0,0,0,0,0,0,0,0,0,0,0,0,0,0
103,10055494,Buxton Mine,44.33802,-103.80475,"Silver,  Gold,  ,  , , , , , , , ",1,1,0,0,0,0,0,0,0,0,0,0,0,0,0,0,0,0,0,0,0,0,0,0,0,0,0,0,0,0,0,0
104,10055495,Globe Mine,44.34329,-103.78975,"Gold,  Silver,  ,  , , , , , , , ",1,1,0,0,0,0,0,0,0,0,0,0,0,0,0,0,0,0,0,0,0,0,0,0,0,0,0,0,0,0,0,0
105,10055496,Isadorah Mine,44.32385,-103.80169,"Gold,  Silver,  ,  , , , , , , , ",1,1,0,0,0,0,0,0,0,0,0,0,0,0,0,0,0,0,0,0,0,0,0,0,0,0,0,0,0,0,0,0
106,10055497,Big Bonanza Mine,44.3344,-103.80725,"Silver,  Gold,  ,  , , , , , , , ",1,1,0,0,0,0,0,0,0,0,0,0,0,0,0,0,0,0,0,0,0,0,0,0,0,0,0,0,0,0,0,0
107,10055498,Baltimore Mine,44.3369,-103.8303,"Gold,  Silver,  ,  , , , , , , , ",1,1,0,0,0,0,0,0,0,0,0,0,0,0,0,0,0,0,0,0,0,0,0,0,0,0,0,0,0,0,0,0
108,10055501,Crown Hill Mine,44.35163,-103.85975,"Silver,  Gold,  ,  , , , , , , , ",1,1,0,0,0,0,0,0,0,0,0,0,0,0,0,0,0,0,0,0,0,0,0,0,0,0,0,0,0,0,0,0
109,10055502,Gladiator Mine,44.35857,-103.79086,"Gold,  Silver,  ,  , , , , , , , ",1,1,0,0,0,0,0,0,0,0,0,0,0,0,0,0,0,0,0,0,0,0,0,0,0,0,0,0,0,0,0,0
110,10055503,Columbus Mine,44.36913,-103.77669,"Gold,  Silver,  ,  , , , , , , , ",1,1,0,0,0,0,0,0,0,0,0,0,0,0,0,0,0,0,0,0,0,0,0,0,0,0,0,0,0,0,0,0
111,10055504,Boscobel and Double Standard,44.33329,-103.8203,"Silver,  Gold,  ,  , , , , , , , ",1,1,0,0,0,0,0,0,0,0,0,0,0,0,0,0,0,0,0,0,0,0,0,0,0,0,0,0,0,0,0,0
112,10055506,Glover Mine,44.34357,-103.7953,"Gold,  Silver,  ,  , , , , , , , ",1,1,0,0,0,0,0,0,0,0,0,0,0,0,0,0,0,0,0,0,0,0,0,0,0,0,0,0,0,0,0,0
113,10055507,Retriever Mine,44.33774,-103.80641,"Silver,  Gold,  ,  , , , , , , , ",1,1,0,0,0,0,0,0,0,0,0,0,0,0,0,0,0,0,0,0,0,0,0,0,0,0,0,0,0,0,0,0
114,10055508,Pinney Mine,44.36857,-103.76419,"Gold,  Silver,  ,  , , , , , , , ",1,1,0,0,0,0,0,0,0,0,0,0,0,0,0,0,0,0,0,0,0,0,0,0,0,0,0,0,0,0,0,0
115,10055509,Gentle Annie Mine,44.36107,-103.75696,"Gold,  Silver,  , , , , , , , , ",1,1,0,0,0,0,0,0,0,0,0,0,0,0,0,0,0,0,0,0,0,0,0,0,0,0,0,0,0,0,0,0
116,10055510,Ruby Belle Mine,44.32496,-103.80197,"Gold,  Silver,  ,  , , , , , , , ",1,1,0,0,0,0,0,0,0,0,0,0,0,0,0,0,0,0,0,0,0,0,0,0,0,0,0,0,0,0,0,0
117,10055513,"Lundberg, Dorr and Wilson",44.33663,-103.80586,"Gold,  Silver,  ,  , , , , , , , ",1,1,0,0,0,0,0,0,0,0,0,0,0,0,0,0,0,0,0,0,0,0,0,0,0,0,0,0,0,0,0,0
118,10055514,Monitor Mine,44.35968,-103.76168,"Gold,  Silver,  ,  , , , , , , , ",1,1,0,0,0,0,0,0,0,0,0,0,0,0,0,0,0,0,0,0,0,0,0,0,0,0,0,0,0,0,0,0
119,10055518,Monday Group Mine,44.33829,-103.83836,"Gold,  Silver,  ,  , , , , , , , ",1,1,0,0,0,0,0,0,0,0,0,0,0,0,0,0,0,0,0,0,0,0,0,0,0,0,0,0,0,0,0,0
120,10055520,National Gold and Silver Company Mine,44.32079,-103.79475,"Gold,  Silver,  ,  , , , , , , , ",1,1,0,0,0,0,0,0,0,0,0,0,0,0,0,0,0,0,0,0,0,0,0,0,0,0,0,0,0,0,0,0
121,10055521,Mark Twain Mine,44.33968,-103.8378,"Gold,  Silver,  ,  , , , , , , , ",1,1,0,0,0,0,0,0,0,0,0,0,0,0,0,0,0,0,0,0,0,0,0,0,0,0,0,0,0,0,0,0
122,10055523,Fannie Mine,44.33107,-103.80641,"Gold,  Silver,  ,  , , , , , , , ",1,1,0,0,0,0,0,0,0,0,0,0,0,0,0,0,0,0,0,0,0,0,0,0,0,0,0,0,0,0,0,0
123,10055526,Trojan Mine,44.3444,-103.83475,"Gold,  Silver,  ,  , , , , , , , ",1,1,0,0,0,0,0,0,0,0,0,0,0,0,0,0,0,0,0,0,0,0,0,0,0,0,0,0,0,0,0,0
124,10055527,Two Johns Mine,44.3569,-103.86114,"Gold,  Silver,  ,  , , , , , , , ",1,1,0,0,0,0,0,0,0,0,0,0,0,0,0,0,0,0,0,0,0,0,0,0,0,0,0,0,0,0,0,0
125,10055529,Daisy Mine,44.3294,-103.81919,"Gold,  Silver,  ,  , , , , , , , ",1,1,0,0,0,0,0,0,0,0,0,0,0,0,0,0,0,0,0,0,0,0,0,0,0,0,0,0,0,0,0,0
126,10055531,Decorah Mine,44.34357,-103.83197,"Gold,  Silver,  Lead,  , , , , , , , ",1,1,1,0,0,0,0,0,0,0,0,0,0,0,0,0,0,0,0,0,0,0,0,0,0,0,0,0,0,0,0,0
127,10055535,South Golden Reward Mine,44.33052,-103.80086,"Gold,  Silver,  ,  , , , , , , , ",1,1,0,0,0,0,0,0,0,0,0,0,0,0,0,0,0,0,0,0,0,0,0,0,0,0,0,0,0,0,0,0
128,10055537,Etta Mine,44.33663,-103.76446,"Tungsten,  Gold,  , , , , , , , , ",1,0,0,0,0,1,0,0,0,0,0,0,0,0,0,0,0,0,0,0,0,0,0,0,0,0,0,0,0,0,0,0
129,10055540,Stewart Mine,44.33107,-103.80225,"Gold,  Silver,  ,  , , , , , , , ",1,1,0,0,0,0,0,0,0,0,0,0,0,0,0,0,0,0,0,0,0,0,0,0,0,0,0,0,0,0,0,0
130,10055541,Burlington and Golden Sands,44.34413,-103.8428,"Gold,  Silver,  ,  , , , , , , , ",1,1,0,0,0,0,0,0,0,0,0,0,0,0,0,0,0,0,0,0,0,0,0,0,0,0,0,0,0,0,0,0
131,10055543,Tornado Mine,44.33496,-103.85058,"Gold,  Silver,  ,  , , , , , , , ",1,1,0,0,0,0,0,0,0,0,0,0,0,0,0,0,0,0,0,0,0,0,0,0,0,0,0,0,0,0,0,0
132,10055545,Hawkeye-Pluma Mine,44.36135,-103.75696,"Gold,  Silver,  , , , , , , , , ",1,1,0,0,0,0,0,0,0,0,0,0,0,0,0,0,0,0,0,0,0,0,0,0,0,0,0,0,0,0,0,0
133,10055546,Harmony Mine,44.32913,-103.8178,"Gold,  Silver,  ,  , , , , , , , ",1,1,0,0,0,0,0,0,0,0,0,0,0,0,0,0,0,0,0,0,0,0,0,0,0,0,0,0,0,0,0,0
134,10055547,Hardscrabble Mine,44.32913,-103.82475,"Gold,  Silver,  Fluorine-Fluorite,  , , , , , , , ",1,1,0,0,0,0,0,0,0,0,0,0,0,1,0,0,0,0,0,0,0,0,0,0,0,0,0,0,0,0,0,0
135,10055549,Perseverance Mine,44.34996,-103.83558,"Gold,  Silver,  ,  , , , , , , , ",1,1,0,0,0,0,0,0,0,0,0,0,0,0,0,0,0,0,0,0,0,0,0,0,0,0,0,0,0,0,0,0
136,10055550,Pennsylvania Mine,44.35885,-103.80169,"Gold,  Silver,  ,  Fluorine-Fluorite, , , , , , , ",1,1,0,0,0,0,0,0,0,0,0,0,0,1,0,0,0,0,0,0,0,0,0,0,0,0,0,0,0,0,0,0
137,10055551,Sundance Mine,44.32524,-103.81086,"Gold,  Silver,  ,  , , , , , , , ",1,1,0,0,0,0,0,0,0,0,0,0,0,0,0,0,0,0,0,0,0,0,0,0,0,0,0,0,0,0,0,0
138,10055567,Gunnison and Vulcan Mine,44.3419,-103.85002,"Gold,  Silver,  , , , , , , , , ",1,1,0,0,0,0,0,0,0,0,0,0,0,0,0,0,0,0,0,0,0,0,0,0,0,0,0,0,0,0,0,0
139,10055575,Leopard-Jessie Lee Mine,44.33996,-103.83586,"Gold,  Silver,  , , , , , , , , ",1,1,0,0,0,0,0,0,0,0,0,0,0,0,0,0,0,0,0,0,0,0,0,0,0,0,0,0,0,0,0,0
140,10055576,Little Bonanza Mine,44.33135,-103.81225,"Gold,  Silver,  ,  , , , , , , , ",1,1,0,0,0,0,0,0,0,0,0,0,0,0,0,0,0,0,0,0,0,0,0,0,0,0,0,0,0,0,0,0
141,10069099,Homestake,44.25552,-103.84669,"Gold,  Silver,  , , , , , , , , ",1,1,0,0,0,0,0,0,0,0,0,0,0,0,0,0,0,0,0,0,0,0,0,0,0,0,0,0,0,0,0,0
142,10104198,Hidden Fortune Mine,44.35857,-103.77641,"Tungsten,  Gold,  Silver,  ,  , , , , , , ",1,1,0,0,0,1,0,0,0,0,0,0,0,0,0,0,0,0,0,0,0,0,0,0,0,0,0,0,0,0,0,0
143,10104201,Omega Mine,44.36635,-103.76891,"Gold,  Silver,  , , , , , , , , ",1,1,0,0,0,0,0,0,0,0,0,0,0,0,0,0,0,0,0,0,0,0,0,0,0,0,0,0,0,0,0,0
144,10104203,Ross Hannibal Group,44.32274,-103.80086,"Gold,  Silver,  ,  Fluorine-Fluorite,  Uranium, , , , , , ",1,1,0,0,0,0,0,0,0,0,0,0,0,1,1,0,0,0,0,0,0,0,0,0,0,0,0,0,0,0,0,0
145,10104204,Hidden Treasure Group Mine,44.35857,-103.81114,"Gold,  Silver,  Fluorine-Fluorite,  , , , , , , , ",1,1,0,0,0,0,0,0,0,0,0,0,0,1,0,0,0,0,0,0,0,0,0,0,0,0,0,0,0,0,0,0
146,10104209,Snowstorm Mine,44.33663,-103.83558,"Gold,  Silver,  ,  , , , , , , , ",1,1,0,0,0,0,0,0,0,0,0,0,0,0,0,0,0,0,0,0,0,0,0,0,0,0,0,0,0,0,0,0
147,10104210,Dark Horse and General Grant,44.33913,-103.82364,"Gold,  Silver,  ,  , , , , , , , ",1,1,0,0,0,0,0,0,0,0,0,0,0,0,0,0,0,0,0,0,0,0,0,0,0,0,0,0,0,0,0,0
148,10104212,Deadwood - Golden Terra Mine,44.36468,-103.76808,"Gold,  Silver,  ,  , , , , , , , ",1,1,0,0,0,0,0,0,0,0,0,0,0,0,0,0,0,0,0,0,0,0,0,0,0,0,0,0,0,0,0,0
149,10104215,Durango Mine,44.35302,-103.77947,"Tungsten,  Gold,  Silver,  , , , , , , , ",1,1,0,0,0,1,0,0,0,0,0,0,0,0,0,0,0,0,0,0,0,0,0,0,0,0,0,0,0,0,0,0
150,10104222,Union Mine,44.32357,-103.79919,"Gold,  Silver,  ,  , , , , , , , ",1,1,0,0,0,0,0,0,0,0,0,0,0,0,0,0,0,0,0,0,0,0,0,0,0,0,0,0,0,0,0,0
151,10104224,Upper Welcome Mine,44.32913,-103.82752,"Gold,  Silver,  ,  , , , , , , , ",1,1,0,0,0,0,0,0,0,0,0,0,0,0,0,0,0,0,0,0,0,0,0,0,0,0,0,0,0,0,0,0
152,10104225,Juno Mine,44.34663,-103.85141,"Gold,  Silver,  , , , , , , , , ",1,1,0,0,0,0,0,0,0,0,0,0,0,0,0,0,0,0,0,0,0,0,0,0,0,0,0,0,0,0,0,0
153,10106953,Homestake Mine,44.35607,-103.76501,"Gold,  Silver,  , , , , , , , , ",1,1,0,0,0,0,0,0,0,0,0,0,0,0,0,0,0,0,0,0,0,0,0,0,0,0,0,0,0,0,0,0
154,10110024,Homestake Mine - 1944,44.36265,-103.79454,"Gold,  Silver,  , , , , , , , , ",1,1,0,0,0,0,0,0,0,0,0,0,0,0,0,0,0,0,0,0,0,0,0,0,0,0,0,0,0,0,0,0
155,10110025,Homestake Mine - 1948,44.36265,-103.79454,"Gold,  Silver,  , , , , , , , , ",1,1,0,0,0,0,0,0,0,0,0,0,0,0,0,0,0,0,0,0,0,0,0,0,0,0,0,0,0,0,0,0
156,10110026,Homestake Mine - 1950,44.36265,-103.79454,"Gold,  Silver,  , , , , , , , , ",1,1,0,0,0,0,0,0,0,0,0,0,0,0,0,0,0,0,0,0,0,0,0,0,0,0,0,0,0,0,0,0
157,10110027,Homestake Mine - 1951,44.36265,-103.79454,"Gold,  Silver,  , , , , , , , , ",1,1,0,0,0,0,0,0,0,0,0,0,0,0,0,0,0,0,0,0,0,0,0,0,0,0,0,0,0,0,0,0
158,10110028,Homestake Mine - 1953,44.36265,-103.79454,"Gold,  Silver,  , , , , , , , , ",1,1,0,0,0,0,0,0,0,0,0,0,0,0,0,0,0,0,0,0,0,0,0,0,0,0,0,0,0,0,0,0
159,10110029,Homestake Mine - 1956,44.36265,-103.79454,"Gold,  Silver,  , , , , , , , , ",1,1,0,0,0,0,0,0,0,0,0,0,0,0,0,0,0,0,0,0,0,0,0,0,0,0,0,0,0,0,0,0
160,10110030,Homestake Mine - 1958,44.36265,-103.79454,"Gold,  Silver,  , , , , , , , , ",1,1,0,0,0,0,0,0,0,0,0,0,0,0,0,0,0,0,0,0,0,0,0,0,0,0,0,0,0,0,0,0
161,10110031,Homestake Mine - 1960,44.36265,-103.79454,"Gold,  Silver,  , , , , , , , , ",1,1,0,0,0,0,0,0,0,0,0,0,0,0,0,0,0,0,0,0,0,0,0,0,0,0,0,0,0,0,0,0
162,10110032,Homestake Mine - 1962,44.36265,-103.79454,"Gold,  Silver,  , , , , , , , , ",1,1,0,0,0,0,0,0,0,0,0,0,0,0,0,0,0,0,0,0,0,0,0,0,0,0,0,0,0,0,0,0
163,10110033,Homestake Mine - 1965,44.36265,-103.79454,"Gold,  Silver,  , , , , , , , , ",1,1,0,0,0,0,0,0,0,0,0,0,0,0,0,0,0,0,0,0,0,0,0,0,0,0,0,0,0,0,0,0
164,10110034,Homestake Mine - 1967,44.36265,-103.79454,"Gold,  Silver,  , , , , , , , , ",1,1,0,0,0,0,0,0,0,0,0,0,0,0,0,0,0,0,0,0,0,0,0,0,0,0,0,0,0,0,0,0
165,10110035,Homestake Mine - 1969,44.36265,-103.79454,"Gold,  Silver,  , , , , , , , , ",1,1,0,0,0,0,0,0,0,0,0,0,0,0,0,0,0,0,0,0,0,0,0,0,0,0,0,0,0,0,0,0
166,10110036,Homestake Mine - 1971,44.36265,-103.79454,"Gold,  Silver,  , , , , , , , , ",1,1,0,0,0,0,0,0,0,0,0,0,0,0,0,0,0,0,0,0,0,0,0,0,0,0,0,0,0,0,0,0
167,10110037,Homestake Mine - 1974,44.36265,-103.79454,"Gold,  Silver,  , , , , , , , , ",1,1,0,0,0,0,0,0,0,0,0,0,0,0,0,0,0,0,0,0,0,0,0,0,0,0,0,0,0,0,0,0
168,10110038,Homestake Mine - 1976,44.36265,-103.79454,"Gold,  Silver,  , , , , , , , , ",1,1,0,0,0,0,0,0,0,0,0,0,0,0,0,0,0,0,0,0,0,0,0,0,0,0,0,0,0,0,0,0
169,10129012,Bismarck Property,44.32936,-103.75887,",  ,  Gold,  Tungsten, , , , , , , ",1,0,0,0,0,1,0,0,0,0,0,0,0,0,0,0,0,0,0,0,0,0,0,0,0,0,0,0,0,0,0,0
170,10129091,Etta Tungsten Lode MS 1541,44.33666,-103.76477,",  ,  Gold,  Tungsten, , , , , , , ",1,0,0,0,0,1,0,0,0,0,0,0,0,0,0,0,0,0,0,0,0,0,0,0,0,0,0,0,0,0,0,0
171,10129179,Portland,44.34416,-103.84448,"Gold,  ,  Silver, , , , , , , , ",1,1,0,0,0,0,0,0,0,0,0,0,0,0,0,0,0,0,0,0,0,0,0,0,0,0,0,0,0,0,0,0
172,10129203,Tornado,44.33246,-103.81668,"Gold,  ,  Silver, , , , , , , , ",1,1,0,0,0,0,0,0,0,0,0,0,0,0,0,0,0,0,0,0,0,0,0,0,0,0,0,0,0,0,0,0
173,10129375,Baltimore Mine MS 1648,44.33886,-103.83198,"Gold,  ,  , , , , , , , , ",1,0,0,0,0,0,0,0,0,0,0,0,0,0,0,0,0,0,0,0,0,0,0,0,0,0,0,0,0,0,0,0
174,10129378,Upper Welcome,44.32356,-103.82778,"Gold,  ,  Silver, , , , , , , , ",1,1,0,0,0,0,0,0,0,0,0,0,0,0,0,0,0,0,0,0,0,0,0,0,0,0,0,0,0,0,0,0
175,10129431,Reliance,44.34216,-103.85778,"Gold,  ,  Silver, , , , , , , , ",1,1,0,0,0,0,0,0,0,0,0,0,0,0,0,0,0,0,0,0,0,0,0,0,0,0,0,0,0,0,0,0
176,10129435,Foley #3,44.33666,-103.84338,"Gold,  ,  , , , , , , , , ",1,0,0,0,0,0,0,0,0,0,0,0,0,0,0,0,0,0,0,0,0,0,0,0,0,0,0,0,0,0,0,0
177,10129529,Finlander,44.33886,-103.82948,"Gold,  ,  Silver, , , , , , , , ",1,1,0,0,0,0,0,0,0,0,0,0,0,0,0,0,0,0,0,0,0,0,0,0,0,0,0,0,0,0,0,0
178,10129606,Golden Reward,44.33416,-103.80448,"Gold,  Silver,  , , , , , , , , ",1,1,0,0,0,0,0,0,0,0,0,0,0,0,0,0,0,0,0,0,0,0,0,0,0,0,0,0,0,0,0,0
179,10129647,South Golden Reward,44.32966,-103.80198,"Gold,  ,  Silver, , , , , , , , ",1,1,0,0,0,0,0,0,0,0,0,0,0,0,0,0,0,0,0,0,0,0,0,0,0,0,0,0,0,0,0,0
180,10129710,Ross Hannibal Group,44.32166,-103.80748,"Gold,  ,  Silver, , , , , , , , ",1,1,0,0,0,0,0,0,0,0,0,0,0,0,0,0,0,0,0,0,0,0,0,0,0,0,0,0,0,0,0,0
181,10153122,National Gold & Silver Co,44.31996,-103.79278,"Gold,  ,  Silver, , , , , , , , ",1,1,0,0,0,0,0,0,0,0,0,0,0,0,0,0,0,0,0,0,0,0,0,0,0,0,0,0,0,0,0,0
182,10153184,Pinney,44.36436,-103.76888,"Gold,  ,  Silver, , , , , , , , ",1,1,0,0,0,0,0,0,0,0,0,0,0,0,0,0,0,0,0,0,0,0,0,0,0,0,0,0,0,0,0,0
183,10153198,Two Johns MS 1213,44.35966,-103.86138,"Gold,  ,  Silver, , , , , , , , ",1,1,0,0,0,0,0,0,0,0,0,0,0,0,0,0,0,0,0,0,0,0,0,0,0,0,0,0,0,0,0,0
184,10153316,Apex,44.34306,-103.83638,"Gold,  ,  Silver, , , , , , , , ",1,1,0,0,0,0,0,0,0,0,0,0,0,0,0,0,0,0,0,0,0,0,0,0,0,0,0,0,0,0,0,0
185,10153409,Monday Group  M.S.945,44.34306,-103.84138,"Gold,  ,  Silver, , , , , , , , ",1,1,0,0,0,0,0,0,0,0,0,0,0,0,0,0,0,0,0,0,0,0,0,0,0,0,0,0,0,0,0,0
186,10153466,Black Diamond Group,44.36276,-103.83498,"Gold,  ,  Silver, , , , , , , , ",1,1,0,0,0,0,0,0,0,0,0,0,0,0,0,0,0,0,0,0,0,0,0,0,0,0,0,0,0,0,0,0
187,10153492,Great Mogul Mine,44.32556,-103.81588,"Gold,  ,  Silver, , , , , , , , ",1,1,0,0,0,0,0,0,0,0,0,0,0,0,0,0,0,0,0,0,0,0,0,0,0,0,0,0,0,0,0,0
188,10153521,Hidden Treasure  M.S.48,44.37166,-103.77278,"Gold,  ,  Silver, , , , , , , , ",1,1,0,0,0,0,0,0,0,0,0,0,0,0,0,0,0,0,0,0,0,0,0,0,0,0,0,0,0,0,0,0
189,10153530,Dakota Group,44.34526,-103.85118,"Gold,  ,  Silver, , , , , , , , ",1,1,0,0,0,0,0,0,0,0,0,0,0,0,0,0,0,0,0,0,0,0,0,0,0,0,0,0,0,0,0,0
190,10153568,South Dakota,44.34056,-103.86028,"Gold,  ,  , , , , , , , , ",1,0,0,0,0,0,0,0,0,0,0,0,0,0,0,0,0,0,0,0,0,0,0,0,0,0,0,0,0,0,0,0
191,10153617,Gladiator Mine,44.35886,-103.79058,"Gold,  ,  Silver, , , , , , , , ",1,1,0,0,0,0,0,0,0,0,0,0,0,0,0,0,0,0,0,0,0,0,0,0,0,0,0,0,0,0,0,0
192,10153712,Esmeralda  M.S.1478,44.37436,-103.76918,"Gold,  ,  Silver, , , , , , , , ",1,1,0,0,0,0,0,0,0,0,0,0,0,0,0,0,0,0,0,0,0,0,0,0,0,0,0,0,0,0,0,0
193,10153830,Glover,44.34076,-103.79388,"Gold,  ,  Silver, , , , , , , , ",1,1,0,0,0,0,0,0,0,0,0,0,0,0,0,0,0,0,0,0,0,0,0,0,0,0,0,0,0,0,0,0
194,10153838,Mark Twain,44.34076,-103.84028,"Gold,  ,  Silver, , , , , , , , ",1,1,0,0,0,0,0,0,0,0,0,0,0,0,0,0,0,0,0,0,0,0,0,0,0,0,0,0,0,0,0,0
195,10158983,Burlington & Golden Sands,44.34356,-103.83778,"Gold,  ,  Silver, , , , , , , , ",1,1,0,0,0,0,0,0,0,0,0,0,0,0,0,0,0,0,0,0,0,0,0,0,0,0,0,0,0,0,0,0
196,10177513,Billy,44.32746,-103.80118,"Gold,  ,  Silver, , , , , , , , ",1,1,0,0,0,0,0,0,0,0,0,0,0,0,0,0,0,0,0,0,0,0,0,0,0,0,0,0,0,0,0,0
197,10177827,Little Tornado,44.33466,-103.81868,"Gold,  ,  Silver, , , , , , , , ",1,1,0,0,0,0,0,0,0,0,0,0,0,0,0,0,0,0,0,0,0,0,0,0,0,0,0,0,0,0,0,0
198,10177878,Ruby Belle MS 538,44.32526,-103.80028,"Gold,  ,  Silver, , , , , , , , ",1,1,0,0,0,0,0,0,0,0,0,0,0,0,0,0,0,0,0,0,0,0,0,0,0,0,0,0,0,0,0,0
199,10177920,Union Mine,44.31186,-103.80948,"Gold,  ,  Silver, , , , , , , , ",1,1,0,0,0,0,0,0,0,0,0,0,0,0,0,0,0,0,0,0,0,0,0,0,0,0,0,0,0,0,0,0
200,10178130,Double Standard,44.33356,-103.80618,"Gold,  ,  Silver, , , , , , , , ",1,1,0,0,0,0,0,0,0,0,0,0,0,0,0,0,0,0,0,0,0,0,0,0,0,0,0,0,0,0,0,0
201,10201897,Astoria Shaft,44.31666,-103.80278,"Gold,  ,  Silver, , , , , , , , ",1,1,0,0,0,0,0,0,0,0,0,0,0,0,0,0,0,0,0,0,0,0,0,0,0,0,0,0,0,0,0,0
202,10201946,Golden Bottle,44.35356,-103.85478,"Gold,  ,  Silver, , , , , , , , ",1,1,0,0,0,0,0,0,0,0,0,0,0,0,0,0,0,0,0,0,0,0,0,0,0,0,0,0,0,0,0,0
203,10202074,Hardscrabble,44.33136,-103.82278,"Gold,  ,  Silver, , , , , , , , ",1,1,0,0,0,0,0,0,0,0,0,0,0,0,0,0,0,0,0,0,0,0,0,0,0,0,0,0,0,0,0,0
204,10202101,Harrison Mine,44.35526,-103.77278,"Gold,  ,  Tungsten, , , , , , , , ",1,0,0,0,0,1,0,0,0,0,0,0,0,0,0,0,0,0,0,0,0,0,0,0,0,0,0,0,0,0,0,0
205,10202142,Omega Mine  M.S.79,44.36576,-103.76808,"Gold,  ,  Silver, , , , , , , , ",1,1,0,0,0,0,0,0,0,0,0,0,0,0,0,0,0,0,0,0,0,0,0,0,0,0,0,0,0,0,0,0
206,10202182,Deadwood-Terra,44.36136,-103.77748,"Gold,  ,  Silver, , , , , , , , ",1,1,0,0,0,0,0,0,0,0,0,0,0,0,0,0,0,0,0,0,0,0,0,0,0,0,0,0,0,0,0,0
207,10202280,Homestake,44.35496,-103.75337,"Gold,  Silver,  , , , , , , , , ",1,1,0,0,0,0,0,0,0,0,0,0,0,0,0,0,0,0,0,0,0,0,0,0,0,0,0,0,0,0,0,0
208,10202421,Buxton,44.33746,-103.80388,"Gold,  ,  Silver, , , , , , , , ",1,1,0,0,0,0,0,0,0,0,0,0,0,0,0,0,0,0,0,0,0,0,0,0,0,0,0,0,0,0,0,0
209,10202481,Gladstone,44.33136,-103.80278,"Gold,  ,  Silver, , , , , , , , ",1,1,0,0,0,0,0,0,0,0,0,0,0,0,0,0,0,0,0,0,0,0,0,0,0,0,0,0,0,0,0,0
210,10202518,Daisy,44.33136,-103.81748,"Gold,  ,  Silver, , , , , , , , ",1,1,0,0,0,0,0,0,0,0,0,0,0,0,0,0,0,0,0,0,0,0,0,0,0,0,0,0,0,0,0,0
211,10202586,Columbus,44.36936,-103.77558,"Gold,  ,  Silver, , , , , , , , ",1,1,0,0,0,0,0,0,0,0,0,0,0,0,0,0,0,0,0,0,0,0,0,0,0,0,0,0,0,0,0,0
212,10207553,Monitor Mine,44.36246,-103.76087,"Gold,  ,  Silver, , , , , , , , ",1,1,0,0,0,0,0,0,0,0,0,0,0,0,0,0,0,0,0,0,0,0,0,0,0,0,0,0,0,0,0,0
213,10225990,Foley #1,44.33576,-103.84778,"Gold,  ,  , , , , , , , , ",1,0,0,0,0,0,0,0,0,0,0,0,0,0,0,0,0,0,0,0,0,0,0,0,0,0,0,0,0,0,0,0
214,10226028,Leopard-Jessie Lee,44.34246,-103.83778,"Gold,  ,  Silver, , , , , , , , ",1,1,0,0,0,0,0,0,0,0,0,0,0,0,0,0,0,0,0,0,0,0,0,0,0,0,0,0,0,0,0,0
215,10226173,Alpha - Platus,44.33606,-103.81638,"Gold,  ,  Silver, , , , , , , , ",1,1,0,0,0,0,0,0,0,0,0,0,0,0,0,0,0,0,0,0,0,0,0,0,0,0,0,0,0,0,0,0
216,10226192,Clinton Ruby Basin,44.33666,-103.81308,"Gold,  ,  Silver, , , , , , , , ",1,1,0,0,0,0,0,0,0,0,0,0,0,0,0,0,0,0,0,0,0,0,0,0,0,0,0,0,0,0,0,0
217,10226274,Trojan #4,44.33856,-103.83058,"Gold,  ,  Silver, , , , , , , , ",1,1,0,0,0,0,0,0,0,0,0,0,0,0,0,0,0,0,0,0,0,0,0,0,0,0,0,0,0,0,0,0
218,10226345,Gentle Annie,44.36246,-103.75557,"Gold,  ,  Silver, , , , , , , , ",1,1,0,0,0,0,0,0,0,0,0,0,0,0,0,0,0,0,0,0,0,0,0,0,0,0,0,0,0,0,0,0
219,10226682,Ben Hur Mine,44.33886,-103.82838,"Gold,  ,  Silver, , , , , , , , ",1,1,0,0,0,0,0,0,0,0,0,0,0,0,0,0,0,0,0,0,0,0,0,0,0,0,0,0,0,0,0,0
220,10226774,Hidden Treasure Group M.S.1739,44.36076,-103.81248,"Gold,  ,  Silver, , , , , , , , ",1,1,0,0,0,0,0,0,0,0,0,0,0,0,0,0,0,0,0,0,0,0,0,0,0,0,0,0,0,0,0,0
221,10232162,Empire State  M.S.357,44.34306,-103.83638,"Gold,  ,  Silver, , , , , , , , ",1,1,0,0,0,0,0,0,0,0,0,0,0,0,0,0,0,0,0,0,0,0,0,0,0,0,0,0,0,0,0,0
222,10250189,"Upper Welcome,Hardscrabble,Mogul,",44.32526,-103.81998,"Gold,  ,  Silver, , , , , , , , ",1,1,0,0,0,0,0,0,0,0,0,0,0,0,0,0,0,0,0,0,0,0,0,0,0,0,0,0,0,0,0,0
223,10250294,Baltimore & Deadwood,44.37056,-103.75947,"Gold,  ,  Silver, , , , , , , , ",1,1,0,0,0,0,0,0,0,0,0,0,0,0,0,0,0,0,0,0,0,0,0,0,0,0,0,0,0,0,0,0
224,10250320,Harmony,44.33136,-103.81998,"Gold,  ,  Silver, , , , , , , , ",1,1,0,0,0,0,0,0,0,0,0,0,0,0,0,0,0,0,0,0,0,0,0,0,0,0,0,0,0,0,0,0
225,10250435,Trojan,44.34356,-103.83388,"Gold,  ,  Silver, , , , , , , , ",1,1,0,0,0,0,0,0,0,0,0,0,0,0,0,0,0,0,0,0,0,0,0,0,0,0,0,0,0,0,0,0
226,10250454,Foley #2,44.33806,-103.84498,"Gold,  ,  , , , , , , , , ",1,0,0,0,0,0,0,0,0,0,0,0,0,0,0,0,0,0,0,0,0,0,0,0,0,0,0,0,0,0,0,0
227,10250485,Folger,44.34136,-103.83528,"Gold,  ,  Silver, , , , , , , , ",1,1,0,0,0,0,0,0,0,0,0,0,0,0,0,0,0,0,0,0,0,0,0,0,0,0,0,0,0,0,0,0
228,10250585,Juno  M.S.1580,44.34606,-103.85618,"Gold,  ,  Silver, , , , , , , , ",1,1,0,0,0,0,0,0,0,0,0,0,0,0,0,0,0,0,0,0,0,0,0,0,0,0,0,0,0,0,0,0
229,10250602,Boscobel,44.33436,-103.80728,"Gold,  ,  Silver, , , , , , , , ",1,1,0,0,0,0,0,0,0,0,0,0,0,0,0,0,0,0,0,0,0,0,0,0,0,0,0,0,0,0,0,0
230,10250802,Whitewood Creek,44.34996,-103.75057,"Gold,  ,  , , , , , , , , ",1,0,0,0,0,0,0,0,0,0,0,0,0,0,0,0,0,0,0,0,0,0,0,0,0,0,0,0,0,0,0,0
231,10256478,"Lundberg,Dorr & Wilson",44.33666,-103.80388,"Gold,  ,  Silver, , , , , , , , ",1,1,0,0,0,0,0,0,0,0,0,0,0,0,0,0,0,0,0,0,0,0,0,0,0,0,0,0,0,0,0,0
232,10274743,Bismark Mine,44.34326,-103.78618,"Gold,  ,  , , , , , , , , ",1,0,0,0,0,0,0,0,0,0,0,0,0,0,0,0,0,0,0,0,0,0,0,0,0,0,0,0,0,0,0,0
233,10274759,Big Bonanza,44.33386,-103.80638,"Gold,  ,  Silver, , , , , , , , ",1,1,0,0,0,0,0,0,0,0,0,0,0,0,0,0,0,0,0,0,0,0,0,0,0,0,0,0,0,0,0,0
234,10274765,Dividend,44.34526,-103.83088,"Gold,  ,  Silver, , , , , , , , ",1,1,0,0,0,0,0,0,0,0,0,0,0,0,0,0,0,0,0,0,0,0,0,0,0,0,0,0,0,0,0,0
235,10274878,Bald Mountain Mine Wharf Mine,44.35466,-103.83278,"Gold,  ,  Silver, , , , , , , , ",1,1,0,0,0,0,0,0,0,0,0,0,0,0,0,0,0,0,0,0,0,0,0,0,0,0,0,0,0,0,0,0
236,10274947,Johnson Gulch,44.35716,-103.83698,"Gold,  ,  , , , , , , , , ",1,0,0,0,0,0,0,0,0,0,0,0,0,0,0,0,0,0,0,0,0,0,0,0,0,0,0,0,0,0,0,0
237,10274975,Labrador,44.36636,-103.86528,"Gold,  ,  , , , , , , , , ",1,0,0,0,0,0,0,0,0,0,0,0,0,0,0,0,0,0,0,0,0,0,0,0,0,0,0,0,0,0,0,0
238,10275043,Little Bonanza,44.33246,-103.80528,"Gold,  ,  Silver, , , , , , , , ",1,1,0,0,0,0,0,0,0,0,0,0,0,0,0,0,0,0,0,0,0,0,0,0,0,0,0,0,0,0,0,0
239,10275051,Gunnison and Vulcan,44.34026,-103.85058,"Gold,  ,  Silver, , , , , , , , ",1,1,0,0,0,0,0,0,0,0,0,0,0,0,0,0,0,0,0,0,0,0,0,0,0,0,0,0,0,0,0,0
240,10275271,Durango Mine,44.35686,-103.77308,"Gold,  ,  Silver,  Tungsten, , , , , , , ",1,1,0,0,0,1,0,0,0,0,0,0,0,0,0,0,0,0,0,0,0,0,0,0,0,0,0,0,0,0,0,0
241,10275425,Hawkeye-Pluma,44.36246,-103.75557,"Gold,  ,  Silver, , , , , , , , ",1,1,0,0,0,0,0,0,0,0,0,0,0,0,0,0,0,0,0,0,0,0,0,0,0,0,0,0,0,0,0,0
242,10298989,Retriever,44.33666,-103.80808,"Gold,  ,  Silver, , , , , , , , ",1,1,0,0,0,0,0,0,0,0,0,0,0,0,0,0,0,0,0,0,0,0,0,0,0,0,0,0,0,0,0,0
243,10299158,Isadorah  M.S.1062,44.31996,-103.80478,"Gold,  ,  Silver, , , , , , , , ",1,1,0,0,0,0,0,0,0,0,0,0,0,0,0,0,0,0,0,0,0,0,0,0,0,0,0,0,0,0,0,0
244,10299166,Snowstorm,44.33746,-103.83478,"Gold,  ,  Silver, , , , , , , , ",1,1,0,0,0,0,0,0,0,0,0,0,0,0,0,0,0,0,0,0,0,0,0,0,0,0,0,0,0,0,0,0
245,10299202,Stewart,44.33326,-103.80338,"Gold,  ,  Silver, , , , , , , , ",1,1,0,0,0,0,0,0,0,0,0,0,0,0,0,0,0,0,0,0,0,0,0,0,0,0,0,0,0,0,0,0
246,10299326,Perseverance,44.34246,-103.83668,"Gold,  ,  Silver, , , , , , , , ",1,1,0,0,0,0,0,0,0,0,0,0,0,0,0,0,0,0,0,0,0,0,0,0,0,0,0,0,0,0,0,0
247,10299352,Wharf Mine,44.35556,-103.83808,"Gold,  Silver,  , , , , , , , , ",1,1,0,0,0,0,0,0,0,0,0,0,0,0,0,0,0,0,0,0,0,0,0,0,0,0,0,0,0,0,0,0
248,10299366,Clinton Upper Portland,44.34306,-103.83918,"Gold,  ,  Silver, , , , , , , , ",1,1,0,0,0,0,0,0,0,0,0,0,0,0,0,0,0,0,0,0,0,0,0,0,0,0,0,0,0,0,0,0
249,10299433,Alameda,44.25936,-103.83338,"Gold,  ,  Silver, , , , , , , , ",1,1,0,0,0,0,0,0,0,0,0,0,0,0,0,0,0,0,0,0,0,0,0,0,0,0,0,0,0,0,0,0
250,10299476,Sundance MS 899,44.32686,-103.80808,"Gold,  ,  Silver, , , , , , , , ",1,1,0,0,0,0,0,0,0,0,0,0,0,0,0,0,0,0,0,0,0,0,0,0,0,0,0,0,0,0,0,0
251,10299548,Pennsylvania,44.35826,-103.80118,"Gold,  ,  Silver, , , , , , , , ",1,1,0,0,0,0,0,0,0,0,0,0,0,0,0,0,0,0,0,0,0,0,0,0,0,0,0,0,0,0,0,0
252,10299552,American Eagle,44.35246,-103.83558,"Gold,  ,  Silver, , , , , , , , ",1,1,0,0,0,0,0,0,0,0,0,0,0,0,0,0,0,0,0,0,0,0,0,0,0,0,0,0,0,0,0,0
253,10299683,Dark Horse and General Grant,44.33886,-103.82308,"Gold,  ,  Silver, , , , , , , , ",1,1,0,0,0,0,0,0,0,0,0,0,0,0,0,0,0,0,0,0,0,0,0,0,0,0,0,0,0,0,0,0
254,60001243,Placers of Deadwood,44.37306,-103.77168,"Gold,  ,  , , , , , , , , ",1,0,0,0,0,0,0,0,0,0,0,0,0,0,0,0,0,0,0,0,0,0,0,0,0,0,0,0,0,0,0,0
255,10055553,Winner Mine,44.39829,-104.02614,"Tin,  Gold,  Silver, , , , , , , , ",1,1,0,0,0,0,0,0,0,0,0,0,0,0,0,1,0,0,0,0,0,0,0,0,0,0,0,0,0,0,0,0
256,10104199,Black Hills Tin Company,44.37932,-104.05256,"Tin,  Tantalum,  Lithium,  Gold,  Niobium (Columbium), , , , , , ",1,0,0,0,0,0,0,0,0,0,0,0,0,0,0,1,1,1,1,0,0,0,0,0,0,0,0,0,0,0,0,0
257,10153321,Black Hills Tin Company,44.37936,-104.05198,"Tin, ,  Gold,  Lithium,  Tantalum, , , , , , ",1,0,0,0,0,0,0,0,0,0,0,0,0,0,0,1,1,1,0,0,0,0,0,0,0,0,0,0,0,0,0,0
258,10226086,Winner Mining Company,44.39996,-104.02448,"Gold, ,  Silver,  Tin, , , , , , , ",1,1,0,0,0,0,0,0,0,0,0,0,0,0,0,1,0,0,0,0,0,0,0,0,0,0,0,0,0,0,0,0
259,10055458,Maitland Mine,44.39135,-103.79558,"Gold,  Silver,  Tungsten, , , , , , , , ",1,1,0,0,0,1,0,0,0,0,0,0,0,0,0,0,0,0,0,0,0,0,0,0,0,0,0,0,0,0,0,0
260,10055467,Adelphi Mine,44.39968,-103.86614,"Gold,  Silver,  Lead, , , , , , , , ",1,1,1,0,0,0,0,0,0,0,0,0,0,0,0,0,0,0,0,0,0,0,0,0,0,0,0,0,0,0,0,0
261,10055469,Minnesota Group,44.39885,-103.80669,"Silver,  Gold, , , , , , , , , ",1,1,0,0,0,0,0,0,0,0,0,0,0,0,0,0,0,0,0,0,0,0,0,0,0,0,0,0,0,0,0,0
262,10055470,Carroll Mine,44.38107,-103.78669,"Gold,  Silver, , , , , , , , , ",1,1,0,0,0,0,0,0,0,0,0,0,0,0,0,0,0,0,0,0,0,0,0,0,0,0,0,0,0,0,0,0
263,10055471,American Express Mine,44.38024,-103.77975,"Silver,  Gold, , , , , , , , , ",1,1,0,0,0,0,0,0,0,0,0,0,0,0,0,0,0,0,0,0,0,0,0,0,0,0,0,0,0,0,0,0
264,10055519,Minerva Mine,44.38024,-103.76947,"Gold,  Silver, , , , , , , , , ",1,1,0,0,0,0,0,0,0,0,0,0,0,0,0,0,0,0,0,0,0,0,0,0,0,0,0,0,0,0,0,0
265,10055522,Segregated Iron Hill Mine,44.39996,-103.86169,"Gold,  Silver,  Lead, , , , , , , , ",1,1,1,0,0,0,0,0,0,0,0,0,0,0,0,0,0,0,0,0,0,0,0,0,0,0,0,0,0,0,0,0
266,10055532,Deadbroke Mine,44.37774,-103.76836,"Gold,  Silver, , , , , , , , , ",1,1,0,0,0,0,0,0,0,0,0,0,0,0,0,0,0,0,0,0,0,0,0,0,0,0,0,0,0,0,0,0
267,10055539,Eagle Number 4 Mine,44.41663,-103.77058,"NA,  Gold, , , , , , , , , ",1,0,0,0,0,0,0,0,0,0,0,0,0,0,0,0,0,0,0,0,0,0,0,0,0,0,0,0,0,0,0,0
268,10055562,Wells Fargo Mine,44.38079,-103.7853,"Gold,  Silver, , , , , , , , , ",1,1,0,0,0,0,0,0,0,0,0,0,0,0,0,0,0,0,0,0,0,0,0,0,0,0,0,0,0,0,0,0
269,10055578,Kicking Horse Mine,44.38329,-103.78475,"Gold,  Silver, , , , , , , , , ",1,1,0,0,0,0,0,0,0,0,0,0,0,0,0,0,0,0,0,0,0,0,0,0,0,0,0,0,0,0,0,0
270,10055580,Iron Hill Mine,44.39552,-103.8678,"Gold,  Silver,  Lead,  Manganese, , , , , , , ",1,1,1,0,0,0,0,0,0,0,0,0,0,0,0,0,0,0,0,1,0,0,0,0,0,0,0,0,0,0,0,0
271,10056345,Richmond Hill Mine,44.39996,-103.85058,"Gold, , , , , , , , , , ",1,0,0,0,0,0,0,0,0,0,0,0,0,0,0,0,0,0,0,0,0,0,0,0,0,0,0,0,0,0,0,0
272,10085073,Richmond Hill Mine,44.396,-103.852,"Gold, , , , , , , , , , ",1,0,0,0,0,0,0,0,0,0,0,0,0,0,0,0,0,0,0,0,0,0,0,0,0,0,0,0,0,0,0,0
273,10104208,Spanish R Mine,44.39718,-103.86864,"Gold,  Silver, , , , , , , , , ",1,1,0,0,0,0,0,0,0,0,0,0,0,0,0,0,0,0,0,0,0,0,0,0,0,0,0,0,0,0,0,0
274,10104214,Eagle Bird Mine,44.3769,-103.8553,"Gold,  Silver, , , , , , , , , ",1,1,0,0,0,0,0,0,0,0,0,0,0,0,0,0,0,0,0,0,0,0,0,0,0,0,0,0,0,0,0,0
275,10104216,Jupiter Mine,44.37774,-103.76836,"Gold,  Silver, , , , , , , , , ",1,1,0,0,0,0,0,0,0,0,0,0,0,0,0,0,0,0,0,0,0,0,0,0,0,0,0,0,0,0,0,0
276,10129169,Canyon Corp,44.39576,-103.79808,"Gold, ,  Silver, , , , , , , , ",1,1,0,0,0,0,0,0,0,0,0,0,0,0,0,0,0,0,0,0,0,0,0,0,0,0,0,0,0,0,0,0
277,10129202,Garden City,44.39306,-103.80278,"Gold, ,  Silver, , , , , , , , ",1,1,0,0,0,0,0,0,0,0,0,0,0,0,0,0,0,0,0,0,0,0,0,0,0,0,0,0,0,0,0,0
278,10129287,Richmond Hill,44.39166,-103.85478,"Gold, , , , , , , , , , ",1,0,0,0,0,0,0,0,0,0,0,0,0,0,0,0,0,0,0,0,0,0,0,0,0,0,0,0,0,0,0,0
279,10153484,Adelphia,44.39746,-103.86448,"NA, ,  Manganese,  Lead,  Gold,  Silver, , , , , ",1,1,1,0,0,0,0,0,0,0,0,0,0,0,0,0,0,0,0,1,0,0,0,0,0,0,0,0,0,0,0,0
280,10177626,Eagle Bird M S 1829,44.37526,-103.85698,"Gold, ,  Silver, , , , , , , , ",1,1,0,0,0,0,0,0,0,0,0,0,0,0,0,0,0,0,0,0,0,0,0,0,0,0,0,0,0,0,0,0
281,10177725,Elliptic Mining Company,44.41996,-103.77338,"Gold, , , , , , , , , , ",1,0,0,0,0,0,0,0,0,0,0,0,0,0,0,0,0,0,0,0,0,0,0,0,0,0,0,0,0,0,0,0
282,10177835,Penobscot,44.39576,-103.79918,"Gold, , , , , , , , , , ",1,0,0,0,0,0,0,0,0,0,0,0,0,0,0,0,0,0,0,0,0,0,0,0,0,0,0,0,0,0,0,0
283,10202604,Keystone,44.39136,-103.80558,"Gold, ,  Silver, , , , , , , , ",1,1,0,0,0,0,0,0,0,0,0,0,0,0,0,0,0,0,0,0,0,0,0,0,0,0,0,0,0,0,0,0
284,10208188,Carrol MS 1439,44.37666,-103.77058,"Gold, ,  Silver, , , , , , , , ",1,1,0,0,0,0,0,0,0,0,0,0,0,0,0,0,0,0,0,0,0,0,0,0,0,0,0,0,0,0,0,0
285,10226231,Imperial,44.38136,-103.78198,"Gold, ,  Silver, , , , , , , , ",1,1,0,0,0,0,0,0,0,0,0,0,0,0,0,0,0,0,0,0,0,0,0,0,0,0,0,0,0,0,0,0
286,10226232,Blacktail,44.38216,-103.78868,"Gold, ,  Silver, , , , , , , , ",1,1,0,0,0,0,0,0,0,0,0,0,0,0,0,0,0,0,0,0,0,0,0,0,0,0,0,0,0,0,0,0
287,10226375,Spanish R,44.39716,-103.86778,"NA, ,  Manganese,  Lead,  Gold,  Silver, , , , , ",1,1,1,0,0,0,0,0,0,0,0,0,0,0,0,0,0,0,0,1,0,0,0,0,0,0,0,0,0,0,0,0
288,10226407,American Express,44.37856,-103.78388,"Gold, ,  Silver, , , , , , , , ",1,1,0,0,0,0,0,0,0,0,0,0,0,0,0,0,0,0,0,0,0,0,0,0,0,0,0,0,0,0,0,0
289,10226698,Minerva  M.S.1030,44.37856,-103.75777,"Gold, ,  Silver, , , , , , , , ",1,1,0,0,0,0,0,0,0,0,0,0,0,0,0,0,0,0,0,0,0,0,0,0,0,0,0,0,0,0,0,0
290,10250158,Jupiter,44.37686,-103.76528,"Gold, ,  Silver, , , , , , , , ",1,1,0,0,0,0,0,0,0,0,0,0,0,0,0,0,0,0,0,0,0,0,0,0,0,0,0,0,0,0,0,0
291,10250222,Titanic,44.39746,-103.86338,"NA, ,  Silver,  Manganese,  Lead,  Gold, , , , , ",1,1,1,0,0,0,0,0,0,0,0,0,0,0,0,0,0,0,0,1,0,0,0,0,0,0,0,0,0,0,0,0
292,10250647,Wells Fargo MS 946,44.38216,-103.78588,"Gold, ,  Silver, , , , , , , , ",1,1,0,0,0,0,0,0,0,0,0,0,0,0,0,0,0,0,0,0,0,0,0,0,0,0,0,0,0,0,0,0
293,10250658,Golden Gate,44.38416,-103.78588,"Gold, ,  Silver, , , , , , , , ",1,1,0,0,0,0,0,0,0,0,0,0,0,0,0,0,0,0,0,0,0,0,0,0,0,0,0,0,0,0,0,0
294,10250763,Segregated Iron Hill,44.39746,-103.85868,"NA, ,  Silver,  Manganese,  Lead,  Gold, , , , , ",1,1,1,0,0,0,0,0,0,0,0,0,0,0,0,0,0,0,0,1,0,0,0,0,0,0,0,0,0,0,0,0
295,10275048,Seabury-Calkins,44.39776,-103.85998,"NA, ,  Silver,  Manganese,  Lead,  Gold, , , , , ",1,1,1,0,0,0,0,0,0,0,0,0,0,0,0,0,0,0,0,1,0,0,0,0,0,0,0,0,0,0,0,0
296,10275062,Iron Hill,44.39776,-103.86028,"NA, ,  Zinc,  Silver,  Silica,  Manganese,  Lead,  Iron,  Gold,  Sulfur,  Phosphorus-Phosphates",1,1,1,0,0,0,1,0,1,1,0,0,0,0,0,0,0,0,0,1,1,1,0,0,0,0,0,0,0,0,0,0
297,10299117,Old Ironsides  M.S.1384,44.38636,-103.87228,"Gold, ,  Silver, , , , , , , , ",1,1,0,0,0,0,0,0,0,0,0,0,0,0,0,0,0,0,0,0,0,0,0,0,0,0,0,0,0,0,0,0
298,10299258,Minnesota,44.39806,-103.80558,"Gold, ,  Silver, , , , , , , , ",1,1,0,0,0,0,0,0,0,0,0,0,0,0,0,0,0,0,0,0,0,0,0,0,0,0,0,0,0,0,0,0
299,10299263,Kicking Horse  M.S.1268,44.38246,-103.78588,"Gold, ,  Silver, , , , , , , , ",1,1,0,0,0,0,0,0,0,0,0,0,0,0,0,0,0,0,0,0,0,0,0,0,0,0,0,0,0,0,0,0
300,10110039,Cole Construction Company,44.45829,-103.72335,"Limestone,  General, ,  , , , , , , , ",0,0,0,0,0,0,0,0,0,0,0,0,0,0,0,0,0,0,0,0,0,0,1,0,0,0,0,0,0,0,0,0
301,10129758,Sundstrom Quarry,44.44306,-103.71637,"Stone,  Crushed/Broken, ,  , , , , , , , ",0,0,0,0,0,0,0,0,0,0,0,0,0,0,0,0,0,0,0,0,0,0,0,1,0,0,0,0,0,0,0,0
302,10177781,Deadwood Tungsten Property,44.38106,-103.73807,", ,  Silver,  Tungsten, , , , , , , ",0,1,0,0,0,1,0,0,0,0,0,0,0,0,0,0,0,0,0,0,0,0,0,0,0,0,0,0,0,0,0,0
303,10201902,State Land Gypsum Quarry,44.38326,-103.73887,"Gypsum-Anhydrite, ,  , , , , , , , , ",0,0,0,0,0,0,0,0,0,0,0,0,0,0,0,0,0,0,0,0,0,0,0,0,1,0,0,0,0,0,0,0
304,10201924,Wells Fargo MS 946,44.46186,-103.62637,"Sand and Gravel,  Construction, ,  , , , , , , , ",0,0,0,0,0,0,0,0,0,0,0,0,0,0,0,0,0,0,0,0,0,0,0,0,0,1,0,0,0,0,0,0
305,10202401,Cole Quarry,44.44306,-103.71637,"Limestone,  Dimension, ,  , , , , , , , ",0,0,0,0,0,0,0,0,0,0,0,0,0,0,0,0,0,0,0,0,0,0,1,0,0,0,0,0,0,0,0,0
306,10274749,Cole Construction Co,44.45806,-103.71697,"Limestone,  Dimension, ,  , , , , , , , ",0,0,0,0,0,0,0,0,0,0,0,0,0,0,0,0,0,0,0,0,0,0,1,0,0,0,0,0,0,0,0,0
307,10009696,Hayes Group Claims,44.32107,-103.6439,"Lead,  Silver,  ,  , , , , , , , ",0,1,1,0,0,0,0,0,0,0,0,0,0,0,0,0,0,0,0,0,0,0,0,0,0,0,0,0,0,0,0,0
308,10055480,Custer Mine,44.33413,-103.6389,"Silver,  Lead,  ,  , , , , , , , ",0,1,1,0,0,0,0,0,0,0,0,0,0,0,0,0,0,0,0,0,0,0,0,0,0,0,0,0,0,0,0,0
309,10055481,Coletta Mine,44.31274,-103.65085,"Silver,  Lead,  ,  , , , , , , , ",0,1,1,0,0,0,0,0,0,0,0,0,0,0,0,0,0,0,0,0,0,0,0,0,0,0,0,0,0,0,0,0
310,10055482,Comstock Mine,44.33718,-103.70113,"Tungsten,  ,  , , , , , , , , ",0,0,0,0,0,1,0,0,0,0,0,0,0,0,0,0,0,0,0,0,0,0,0,0,0,0,0,0,0,0,0,0
311,10055483,Cora Mine,44.32607,-103.64474,"Lead,  Silver,  ,  , , , , , , , ",0,1,1,0,0,0,0,0,0,0,0,0,0,0,0,0,0,0,0,0,0,0,0,0,0,0,0,0,0,0,0,0
312,10055485,Branch Mint Mine,44.33552,-103.63224,"Silver,  Lead,  , , , , , , , , ",0,1,1,0,0,0,0,0,0,0,0,0,0,0,0,0,0,0,0,0,0,0,0,0,0,0,0,0,0,0,0,0
313,10055489,Alice Mine,44.3169,-103.63974,"Silver,  Lead,  , , , , , , , , ",0,1,1,0,0,0,0,0,0,0,0,0,0,0,0,0,0,0,0,0,0,0,0,0,0,0,0,0,0,0,0,0
314,10055491,Bullion Mine,44.32746,-103.64196,"Silver,  Lead,  , , , , , , , , ",0,1,1,0,0,0,0,0,0,0,0,0,0,0,0,0,0,0,0,0,0,0,0,0,0,0,0,0,0,0,0,0
315,10055515,Hoffman Iron Deposit Mine,44.30913,-103.6964,"Iron,  Manganese,  , , , , , , , , ",0,0,0,0,0,0,0,0,1,0,0,0,0,0,0,0,0,0,0,1,0,0,0,0,0,0,0,0,0,0,0,0
316,10055524,Savage Mine,44.33135,-103.63751,"Silver,  Lead,  ,  , , , , , , , ",0,1,1,0,0,0,0,0,0,0,0,0,0,0,0,0,0,0,0,0,0,0,0,0,0,0,0,0,0,0,0,0
317,10055528,El Refugio Mine,44.33746,-103.63418,"Silver,  Lead,  , , , , , , , , ",0,1,1,0,0,0,0,0,0,0,0,0,0,0,0,0,0,0,0,0,0,0,0,0,0,0,0,0,0,0,0,0
318,10055534,Double Rainbow Mine,44.33607,-103.63196,"Silver,  Lead,  , , , , , , , , ",0,1,1,0,0,0,0,0,0,0,0,0,0,0,0,0,0,0,0,0,0,0,0,0,0,0,0,0,0,0,0,0
319,10055542,Slavonian Mine,44.35413,-103.74501,"Sulfur-Pyrite,  Copper,  , , , , , , , , ",0,0,0,1,0,0,1,0,0,0,0,0,0,0,0,0,0,0,0,0,0,0,0,0,0,0,0,0,0,0,0,0
320,10055548,Puritan Mine,44.34774,-103.70974,"Silver,  Lead,  ,  , , , , , , , ",0,1,1,0,0,0,0,0,0,0,0,0,0,0,0,0,0,0,0,0,0,0,0,0,0,0,0,0,0,0,0,0
321,10055565,War Eagle Mine,44.3294,-103.63807,"Silver,  Lead,  ,  , , , , , , , ",0,1,1,0,0,0,0,0,0,0,0,0,0,0,0,0,0,0,0,0,0,0,0,0,0,0,0,0,0,0,0,0
322,10055577,Lor Mine,44.31302,-103.69668,"Iron,  ,  , , , , , , , , ",0,0,0,0,0,0,0,0,1,0,0,0,0,0,0,0,0,0,0,0,0,0,0,0,0,0,0,0,0,0,0,0
323,10055579,Florence Mine,44.33552,-103.63196,"Silver,  Lead,  , , , , , , , , ",0,1,1,0,0,0,0,0,0,0,0,0,0,0,0,0,0,0,0,0,0,0,0,0,0,0,0,0,0,0,0,0
324,10104196,Alexander Mine,44.32413,-103.64418,"Silver,  Lead,  , , , , , , , , ",0,1,1,0,0,0,0,0,0,0,0,0,0,0,0,0,0,0,0,0,0,0,0,0,0,0,0,0,0,0,0,0
325,10104205,Red Cloud Mine,44.33885,-103.63418,"Silver,  Lead,  , , , , , , , , ",0,1,1,0,0,0,0,0,0,0,0,0,0,0,0,0,0,0,0,0,0,0,0,0,0,0,0,0,0,0,0,0
326,10104206,Mary Group Mine,44.33885,-103.70335,"Tungsten,  ,  , , , , , , , , ",0,0,0,0,0,1,0,0,0,0,0,0,0,0,0,0,0,0,0,0,0,0,0,0,0,0,0,0,0,0,0,0
327,10104217,Hester A Mine,44.3244,-103.65335,"Silver,  Lead,  , , , , , , , , ",0,1,1,0,0,0,0,0,0,0,0,0,0,0,0,0,0,0,0,0,0,0,0,0,0,0,0,0,0,0,0,0
328,10104226,Groshong Mine,44.32135,-103.64418,"Silver,  Lead,  Vanadium, , , , , , , , ",0,1,1,0,0,0,0,0,0,0,0,0,0,0,0,0,0,0,0,0,0,0,0,0,0,0,1,0,0,0,0,0
329,10129445,War Eagle,44.32886,-103.63667,",  ,  Lead,  Silver, , , , , , , ",0,1,1,0,0,0,0,0,0,0,0,0,0,0,0,0,0,0,0,0,0,0,0,0,0,0,0,0,0,0,0,0
330,10129701,Groshong,44.31666,-103.64477,",  ,  Lead,  Silver, , , , , , , ",0,1,1,0,0,0,0,0,0,0,0,0,0,0,0,0,0,0,0,0,0,0,0,0,0,0,0,0,0,0,0,0
331,10153231,Savage,44.33076,-103.63727,",  ,  Silver,  Lead, , , , , , , ",0,1,1,0,0,0,0,0,0,0,0,0,0,0,0,0,0,0,0,0,0,0,0,0,0,0,0,0,0,0,0,0
332,10153385,Custer,44.33276,-103.63777,",  ,  Silver,  Lead, , , , , , , ",0,1,1,0,0,0,0,0,0,0,0,0,0,0,0,0,0,0,0,0,0,0,0,0,0,0,0,0,0,0,0,0
333,10153475,Horseshoe-Comet Mine,44.32716,-103.64057,",  ,  Silver,  Lead, , , , , , , ",0,1,1,0,0,0,0,0,0,0,0,0,0,0,0,0,0,0,0,0,0,0,0,0,0,0,0,0,0,0,0,0
334,10153481,Iron Mine,44.30436,-103.68917,"Iron,  ,  , , , , , , , , ",0,0,0,0,0,0,0,0,1,0,0,0,0,0,0,0,0,0,0,0,0,0,0,0,0,0,0,0,0,0,0,0
335,10177427,Gertie,44.33606,-103.64137,"Silver,  ,  Lead, , , , , , , , ",0,1,1,0,0,0,0,0,0,0,0,0,0,0,0,0,0,0,0,0,0,0,0,0,0,0,0,0,0,0,0,0
336,10177579,Hoffman Iron Deposit,44.30436,-103.68977,"Iron,  ,  , , , , , , , , ",0,0,0,0,0,0,0,0,1,0,0,0,0,0,0,0,0,0,0,0,0,0,0,0,0,0,0,0,0,0,0,0
337,10177618,Washington,44.33466,-103.63867,"Lead,  ,  Zinc, , , , , , , , ",0,0,1,0,0,0,0,1,0,0,0,0,0,0,0,0,0,0,0,0,0,0,0,0,0,0,0,0,0,0,0,0
338,10178059,Coletta,44.31186,-103.64807,",  ,  Silver,  Lead, , , , , , , ",0,1,1,0,0,0,0,0,0,0,0,0,0,0,0,0,0,0,0,0,0,0,0,0,0,0,0,0,0,0,0,0
339,10178133,Puritan,44.33606,-103.70417,"Silver,  ,  Lead, , , , , , , , ",0,1,1,0,0,0,0,0,0,0,0,0,0,0,0,0,0,0,0,0,0,0,0,0,0,0,0,0,0,0,0,0
340,10202229,Lor Mining Company,44.31306,-103.67977,"Iron,  ,  , , , , , , , , ",0,0,0,0,0,0,0,0,1,0,0,0,0,0,0,0,0,0,0,0,0,0,0,0,0,0,0,0,0,0,0,0
341,10202351,Emma Drift,44.32916,-103.63887,",  ,  Silver,  Lead, , , , , , , ",0,1,1,0,0,0,0,0,0,0,0,0,0,0,0,0,0,0,0,0,0,0,0,0,0,0,0,0,0,0,0,0
342,10202654,Alice,44.31746,-103.64497,",  ,  Silver,  Lead, , , , , , , ",0,1,1,0,0,0,0,0,0,0,0,0,0,0,0,0,0,0,0,0,0,0,0,0,0,0,0,0,0,0,0,0
343,10226010,Custer Peak Pit,44.37416,-103.72777,"Sand and Gravel,  Construction,  ,  , , , , , , , ",0,0,0,0,0,0,0,0,0,0,0,0,0,0,0,0,0,0,0,0,0,0,0,0,0,1,0,0,0,0,0,0
344,10226075,Gravel Pit,44.26916,-103.64557,"Stone,  Crushed/Broken,  ,  , , , , , , , ",0,0,0,0,0,0,0,0,0,0,0,0,0,0,0,0,0,0,0,0,0,0,0,1,0,0,0,0,0,0,0,0
345,10226452,Belle Eldridge Gold Mine Inc.,44.37026,-103.70777,",  ,  Lead,  Silver,  Zinc, , , , , , ",0,1,1,0,0,0,0,1,0,0,0,0,0,0,0,0,0,0,0,0,0,0,0,0,0,0,0,0,0,0,0,0
346,10226659,Seth R Smith Group,44.33466,-103.70167,"Tungsten,  ,  , , , , , , , , ",0,0,0,0,0,1,0,0,0,0,0,0,0,0,0,0,0,0,0,0,0,0,0,0,0,0,0,0,0,0,0,0
347,10250152,Slavonian,44.35306,-103.74747,"Sulfur,  ,  , , , , , , , , ",0,0,0,0,0,0,0,0,0,1,0,0,0,0,0,0,0,0,0,0,0,0,0,0,0,0,0,0,0,0,0,0
348,10250258,Merritt No. 1 and Merritt No. 2,44.33216,-103.63837,",  ,  Silver,  Lead, , , , , , , ",0,1,1,0,0,0,0,0,0,0,0,0,0,0,0,0,0,0,0,0,0,0,0,0,0,0,0,0,0,0,0,0
349,10250781,Branch Mint,44.33556,-103.63197,",  ,  Silver,  Lead, , , , , , , ",0,1,1,0,0,0,0,0,0,0,0,0,0,0,0,0,0,0,0,0,0,0,0,0,0,0,0,0,0,0,0,0
350,10274896,Florence,44.33636,-103.63247,",  ,  Silver,  Lead, , , , , , , ",0,1,1,0,0,0,0,0,0,0,0,0,0,0,0,0,0,0,0,0,0,0,0,0,0,0,0,0,0,0,0,0
351,10275148,Saint  Anthony,44.33636,-103.63917,"Lead,  ,  Silver, , , , , , , , ",0,1,1,0,0,0,0,0,0,0,0,0,0,0,0,0,0,0,0,0,0,0,0,0,0,0,0,0,0,0,0,0
352,10275383,Strawberry Hill Mine,44.31606,-103.69637,"Iron,  ,  , , , , , , , , ",0,0,0,0,0,0,0,0,1,0,0,0,0,0,0,0,0,0,0,0,0,0,0,0,0,0,0,0,0,0,0,0
353,10275395,Silver Queen,44.31666,-103.64227,",  ,  Silver,  Lead, , , , , , , ",0,1,1,0,0,0,0,0,0,0,0,0,0,0,0,0,0,0,0,0,0,0,0,0,0,0,0,0,0,0,0,0
354,10275429,George Alexander,44.32556,-103.63997,",  ,  Lead,  Silver, , , , , , , ",0,1,1,0,0,0,0,0,0,0,0,0,0,0,0,0,0,0,0,0,0,0,0,0,0,0,0,0,0,0,0,0
355,10299101,Iron Pit,44.37416,-103.72777,"Sodium,  ,  , , , , , , , , ",0,0,0,0,0,0,0,0,0,0,0,0,0,0,0,0,0,0,0,0,0,0,0,0,0,0,0,1,0,0,0,0
356,10299340,Mary Group  M.S.1248,44.33606,-103.70417,"Tungsten,  ,  , , , , , , , , ",0,0,0,0,0,1,0,0,0,0,0,0,0,0,0,0,0,0,0,0,0,0,0,0,0,0,0,0,0,0,0,0
357,10299492,Red Cloud,44.33806,-103.63337,",  ,  Silver,  Lead, , , , , , , ",0,1,1,0,0,0,0,0,0,0,0,0,0,0,0,0,0,0,0,0,0,0,0,0,0,0,0,0,0,0,0,0
358,10400330,Dennis Henault Property,44.3368,-103.72448,"Tungsten,  ,  , , , , , , , , ",0,0,0,0,0,1,0,0,0,0,0,0,0,0,0,0,0,0,0,0,0,0,0,0,0,0,0,0,0,0,0,0
359,10008448,"Moores, False Bottom Creek",44.36663,-103.81725,"Molybdenum,  ,  , , , , , , , , ",0,0,0,0,0,0,0,0,0,0,0,0,0,0,0,0,0,0,0,0,0,0,0,0,0,0,0,0,1,0,0,0
360,10129416,Homestake Tungsten Properties,44.35556,-103.77478,",  ,  Tungsten, , , , , , , , ",0,0,0,0,0,1,0,0,0,0,0,0,0,0,0,0,0,0,0,0,0,0,0,0,0,0,0,0,0,0,0,0
361,10129679,Gushurst and Manchester,44.34826,-103.84448,"Lead,  ,  , , , , , , , , ",0,0,1,0,0,0,0,0,0,0,0,0,0,0,0,0,0,0,0,0,0,0,0,0,0,0,0,0,0,0,0,0
362,10177421,Wasp No 2 Group,44.32356,-103.75887,",  ,  Tungsten, , , , , , , , ",0,0,0,0,0,1,0,0,0,0,0,0,0,0,0,0,0,0,0,0,0,0,0,0,0,0,0,0,0,0,0,0
363,10202635,Wolf Prospect,44.35916,-103.81388,",  ,  Fluorine-Fluorite, , , , , , , , ",0,0,0,0,0,0,0,0,0,0,0,0,0,1,0,0,0,0,0,0,0,0,0,0,0,0,0,0,0,0,0,0
364,10208300,Homestake Filtration Pit,44.35026,-103.76477,"Stone,  Crushed/Broken,  ,  , , , , , , , ",0,0,0,0,0,0,0,0,0,0,0,0,0,0,0,0,0,0,0,0,0,0,0,1,0,0,0,0,0,0,0,0
365,10226362,Crown Hill,44.34996,-103.86498,"Tungsten,  ,  Silver, , , , , , , , ",0,1,0,0,0,1,0,0,0,0,0,0,0,0,0,0,0,0,0,0,0,0,0,0,0,0,0,0,0,0,0,0
366,10275155,False Bottom Prospect,44.37106,-103.82868,",  ,  Fluorine-Fluorite, , , , , , , , ",0,0,0,0,0,0,0,0,0,0,0,0,0,1,0,0,0,0,0,0,0,0,0,0,0,0,0,0,0,0,0,0
367,10299123,Dakota,44.34306,-103.84918,"Tungsten,  ,  Silver, , , , , , , , ",0,1,0,0,0,1,0,0,0,0,0,0,0,0,0,0,0,0,0,0,0,0,0,0,0,0,0,0,0,0,0,0
368,10009788,Keenan Properties,44.38329,-104.03391,"Tin,  Tantalum,  Niobium (Columbium),  Tungsten,  Lithium, , , , , , ",0,0,0,0,0,1,0,0,0,0,0,0,0,0,0,1,1,1,1,0,0,0,0,0,0,0,0,0,0,0,0,0
369,10055499,Beaver Creek Mining Company,44.38857,-104.01225,"Tin, , , , , , , , , , ",0,0,0,0,0,0,0,0,0,0,0,0,0,0,0,1,0,0,0,0,0,0,0,0,0,0,0,0,0,0,0,0
370,10104235,Rough and Ready Mine,44.37857,-104.05197,"Tin,  Lithium,  Feldspar,  Tantalum, , , , , , , ",0,0,0,0,0,0,0,0,0,0,0,0,0,0,0,1,1,1,0,0,0,0,0,0,0,0,0,0,0,1,0,0
371,10104237,Giant-Volney Mine,44.37663,-104.04891,"Tantalum,  Lithium,  Niobium (Columbium),  Feldspar,  Tin, , , , , , ",0,0,0,0,0,0,0,0,0,0,0,0,0,0,0,1,1,1,1,0,0,0,0,0,0,0,0,0,0,1,0,0
372,10129052,Spearfish Claim Gp,44.37716,-104.04028,"NA, ,  Tin,  Niobium (Columbium), , , , , , , ",0,0,0,0,0,0,0,0,0,0,0,0,0,0,0,1,0,0,1,0,0,0,0,0,0,0,0,0,0,0,0,0
373,10153264,Beaver Creek Mining Company,44.38996,-104.01368,"Tin, , , , , , , , , , ",0,0,0,0,0,0,0,0,0,0,0,0,0,0,0,1,0,0,0,0,0,0,0,0,0,0,0,0,0,0,0,0
374,10153684,Cornelia,44.38416,-104.05338,"NA, ,  Tin, , , , , , , , ",0,0,0,0,0,0,0,0,0,0,0,0,0,0,0,1,0,0,0,0,0,0,0,0,0,0,0,0,0,0,0,0
375,10157317,Bear Gulch Placer,44.38936,-104.05779,"Tin, , , , , , , , , , ",0,0,0,0,0,0,0,0,0,0,0,0,0,0,0,1,0,0,0,0,0,0,0,0,0,0,0,0,0,0,0,0
376,10181720,Bull Hill,44.39386,-104.09029,"Stone,  Crushed/Broken, , , , , , , , , ",0,0,0,0,0,0,0,0,0,0,0,0,0,0,0,0,0,0,0,0,0,0,0,1,0,0,0,0,0,0,0,0
377,10202400,Manchester,44.39026,-104.05779,"NA, ,  Tin, , , , , , , , ",0,0,0,0,0,0,0,0,0,0,0,0,0,0,0,1,0,0,0,0,0,0,0,0,0,0,0,0,0,0,0,0
378,10202513,Giant-Volney Pegmatite,44.37636,-104.05668,"Lithium, ,  Tantalum,  Tin,  Niobium (Columbium), , , , , , ",0,0,0,0,0,0,0,0,0,0,0,0,0,0,0,1,1,1,1,0,0,0,0,0,0,0,0,0,0,0,0,0
379,10225991,Spearfish & Centaur,44.37886,-104.05168,"Tin, , , , , , , , , , ",0,0,0,0,0,0,0,0,0,0,0,0,0,0,0,1,0,0,0,0,0,0,0,0,0,0,0,0,0,0,0,0
380,10226119,Union Tin Deposit Claim,44.37996,-104.06279,"NA, ,  Tin, , , , , , , , ",0,0,0,0,0,0,0,0,0,0,0,0,0,0,0,1,0,0,0,0,0,0,0,0,0,0,0,0,0,0,0,0
381,10226146,Modoc Chief and Crow Dog Claims,44.37806,-104.04668,"NA, ,  Tin, , , , , , , , ",0,0,0,0,0,0,0,0,0,0,0,0,0,0,0,1,0,0,0,0,0,0,0,0,0,0,0,0,0,0,0,0
382,10226633,Giant-Volney,44.38056,-104.04998,"Tin, ,  Lithium,  Tantalum, , , , , , , ",0,0,0,0,0,0,0,0,0,0,0,0,0,0,0,1,1,1,0,0,0,0,0,0,0,0,0,0,0,0,0,0
383,10250341,Bear Gulch Pegmatite,44.39776,-104.03998,"NA, ,  Tin, , , , , , , , ",0,0,0,0,0,0,0,0,0,0,0,0,0,0,0,1,0,0,0,0,0,0,0,0,0,0,0,0,0,0,0,0
384,10250581,Lafayette No 2,44.37916,-104.06169,"NA, ,  Tantalum,  Tin, , , , , , , ",0,0,0,0,0,0,0,0,0,0,0,0,0,0,0,1,1,0,0,0,0,0,0,0,0,0,0,0,0,0,0,0
385,10250730,Yeddo and Yeddo No 1 Claims,44.38306,-104.05478,"NA, ,  Tin,  Niobium (Columbium), , , , , , , ",0,0,0,0,0,0,0,0,0,0,0,0,0,0,0,1,0,0,1,0,0,0,0,0,0,0,0,0,0,0,0,0
386,10250741,Aurora Fractional,44.38306,-104.05388,"NA, ,  Tin, , , , , , , , ",0,0,0,0,0,0,0,0,0,0,0,0,0,0,0,1,0,0,0,0,0,0,0,0,0,0,0,0,0,0,0,0
387,10250894,Salvator,44.38416,-104.05388,"NA, ,  Tin, , , , , , , , ",0,0,0,0,0,0,0,0,0,0,0,0,0,0,0,1,0,0,0,0,0,0,0,0,0,0,0,0,0,0,0,0
388,10279056,Anna No 2 Fraction,44.39076,-104.06449,"NA, ,  Tin,  Niobium (Columbium), , , , , , , ",0,0,0,0,0,0,0,0,0,0,0,0,0,0,0,1,0,0,1,0,0,0,0,0,0,0,0,0,0,0,0,0
389,10299255,Boston Claim Gp,44.39746,-104.05449,"NA, ,  Tin, , , , , , , , ",0,0,0,0,0,0,0,0,0,0,0,0,0,0,0,1,0,0,0,0,0,0,0,0,0,0,0,0,0,0,0,0
390,10299304,Rough and Ready,44.37966,-104.05308,"Tin, , , , , , , , , , ",0,0,0,0,0,0,0,0,0,0,0,0,0,0,0,1,0,0,0,0,0,0,0,0,0,0,0,0,0,0,0,0
391,10299451,"Tintic, Tintic No 1",44.38666,-104.05138,"NA, ,  Tin, , , , , , , , ",0,0,0,0,0,0,0,0,0,0,0,0,0,0,0,1,0,0,0,0,0,0,0,0,0,0,0,0,0,0,0,0
392,10299463,Giant Fraction,44.37826,-104.04838,"NA, ,  Tin, , , , , , , , ",0,0,0,0,0,0,0,0,0,0,0,0,0,0,0,1,0,0,0,0,0,0,0,0,0,0,0,0,0,0,0,0
393,10299537,Daisy Tin Prospect,44.37996,-104.04918,"NA, ,  Tin, , , , , , , , ",0,0,0,0,0,0,0,0,0,0,0,0,0,0,0,1,0,0,0,0,0,0,0,0,0,0,0,0,0,0,0,0
394,10055536,Echo Mine,44.38635,-103.81058,"NA,  Fluorine-Fluorite, , , , , , , , , ",0,0,0,0,0,0,0,0,0,0,0,0,0,1,0,0,0,0,0,0,0,0,0,0,0,0,0,0,0,0,0,0
395,10104227,Spearfish Sandstone Quarry,44.47829,-103.87114,"Stone,  Crushed/Broken, , , , , , , , , ",0,0,0,0,0,0,0,0,0,0,0,0,0,0,0,0,0,0,0,0,0,0,0,1,0,0,0,0,0,0,0,0
396,10104229,Lewis Lime Quarry,44.45579,-103.85586,"Limestone,  General, , , , , , , , , ",0,0,0,0,0,0,0,0,0,0,0,0,0,0,0,0,0,0,0,0,0,0,1,0,0,0,0,0,0,0,0,0
397,10129698,Lewis Lime Plant,44.45636,-103.85448,"Calcium, , , , , , , , , , ",0,0,0,0,0,0,0,0,0,0,0,0,0,0,0,0,0,0,0,0,0,0,0,0,0,0,0,0,0,0,1,0
398,10153440,Deadbroke Mine,44.37606,-103.76778,"Tungsten, ,  Silver, , , , , , , , ",0,1,0,0,0,1,0,0,0,0,0,0,0,0,0,0,0,0,0,0,0,0,0,0,0,0,0,0,0,0,0,0
399,10153479,Meink Pit,44.49216,-103.83728,"Sand and Gravel,  Construction, , , , , , , , , ",0,0,0,0,0,0,0,0,0,0,0,0,0,0,0,0,0,0,0,0,0,0,0,0,0,1,0,0,0,0,0,0
400,10250214,Hansen Pit No 1,44.49246,-103.86228,"Sand and Gravel,  Construction, , , , , , , , , ",0,0,0,0,0,0,0,0,0,0,0,0,0,0,0,0,0,0,0,0,0,0,0,0,0,1,0,0,0,0,0,0
401,10299678,Echo,44.38666,-103.80918,"Fluorine-Fluorite, , , , , , , , , , ",0,0,0,0,0,0,0,0,0,0,0,0,0,1,0,0,0,0,0,0,0,0,0,0,0,0,0,0,0,0,0,0
402,10299716,Strawberry Hill Mine,44.46666,-103.86728,"Talc-Soapstone, , , , , , , , , , ",0,0,0,0,0,0,0,0,0,0,0,0,0,0,0,0,0,0,0,0,0,0,0,0,0,0,0,0,0,0,0,1
403,10400329,F. B. Hellings Property,44.40998,-103.83985,"Tungsten, , , , , , , , , , ",0,0,0,0,0,1,0,0,0,0,0,0,0,0,0,0,0,0,0,0,0,0,0,0,0,0,0,0,0,0,0,0
